molecule_id	title	formula	smiles	inchi	inchikey	mw
pbm-000001	beta-carboxyaspartic acid	C5H7NO6	C(C(C(=O)O)N)(C(=O)O)C(=O)O	InChI=1S/C5H7NO6/c6-2(5(11)12)1(3(7)8)4(9)10/h1-2H,6H2,(H,7,8)(H,9,10)(H,11,12)	OQFSQFPPLPISGP-UHFFFAOYSA-N	177.1100006104
pbm-000002	L-Aspartate	C4H7NO4	C(C(C(=O)O)N)C(=O)O	InChI=1S/C4H7NO4/c5-2(4(8)9)1-3(6)7/h2H,1,5H2,(H,6,7)(H,8,9)	CKLJMWTZIZZHCS-UHFFFAOYSA-N	133.1000061035
pbm-000003	CO2	CO2	C(=O)=O	InChI=1S/CO2/c2-1-3	CURLTUGMZLYLDI-UHFFFAOYSA-N	44.0089988708
pbm-000006	4-hydroxy-2-oxoglutaric acid	C5H6O6	C(C(C(=O)O)O)C(=O)C(=O)O	InChI=1S/C5H6O6/c6-2(4(8)9)1-3(7)5(10)11/h2,6H,1H2,(H,8,9)(H,10,11)	WXSKVKPSMAHCSG-UHFFFAOYSA-N	162.1000061035
pbm-000007	4-oxopent-2-enedioic acid	C5H4O5	C(=CC(=O)O)C(=O)C(=O)O	InChI=1S/C5H4O5/c6-3(5(9)10)1-2-4(7)8/h1-2H,(H,7,8)(H,9,10)	KRSRJVGQNCNEFU-UHFFFAOYSA-N	144.0800018311
pbm-000008	H2O	H2O	O	InChI=1S/H2O/h1H2	XLYOFNOQVPJJNP-UHFFFAOYSA-N	18.0149993896
pbm-000009	2-Oxoglutarate	C5H6O5	C(CC(=O)O)C(=O)C(=O)O	InChI=1S/C5H6O5/c6-3(5(9)10)1-2-4(7)8/h1-2H2,(H,7,8)(H,9,10)	KPGXRSRHYNQIFN-UHFFFAOYSA-N	146.1000061035
pbm-000010	3-(carboxymethyl)-2-hydroxy-4-oxopentanedioic acid	C7H8O8	C(C(C(C(=O)O)O)C(=O)C(=O)O)C(=O)O	InChI=1S/C7H8O8/c8-3(9)1-2(4(10)6(12)13)5(11)7(14)15/h2,4,10H,1H2,(H,8,9)(H,12,13)(H,14,15)	NTQOHQCUFPCVEV-UHFFFAOYSA-N	220.1300048828
pbm-000011	Isocitrate	C6H8O7	C(C(C(C(=O)O)O)C(=O)O)C(=O)O	InChI=1S/C6H8O7/c7-3(8)1-2(5(10)11)4(9)6(12)13/h2,4,9H,1H2,(H,7,8)(H,10,11)(H,12,13)	ODBLHEXUDAPZAU-UHFFFAOYSA-N	192.1199951172
pbm-000012	Succinate	C4H6O4	C(CC(=O)O)C(=O)O	InChI=1S/C4H6O4/c5-3(6)1-2-4(7)8/h1-2H2,(H,5,6)(H,7,8)	KDYFGRWQOYBRFD-UHFFFAOYSA-N	118.0899963379
pbm-000013	Fumarate	C4H4O4	C(=CC(=O)O)C(=O)O	InChI=1S/C4H4O4/c5-3(6)1-2-4(7)8/h1-2H,(H,5,6)(H,7,8)	VZCYOOQTPOCHFL-UHFFFAOYSA-N	116.0699996948
pbm-000014	(S)-Malate	C4H6O5	C(C(C(=O)O)O)C(=O)O	InChI=1S/C4H6O5/c5-2(4(8)9)1-3(6)7/h2,5H,1H2,(H,6,7)(H,8,9)	BJEPYKJPYRNKOW-UHFFFAOYSA-N	134.0899963379
pbm-000015	Oxaloacetate	C4H4O5	C(C(=O)C(=O)O)C(=O)O	InChI=1S/C4H4O5/c5-2(4(8)9)1-3(6)7/h1H2,(H,6,7)(H,8,9)	KHPXUQMNIQBQEV-UHFFFAOYSA-N	132.0700073242
pbm-000016	cis-Aconitate	C6H6O6	C(C(=CC(=O)O)C(=O)O)C(=O)O	InChI=1S/C6H6O6/c7-4(8)1-3(6(11)12)2-5(9)10/h1H,2H2,(H,7,8)(H,9,10)(H,11,12)	GTZCVFVGUGFEME-UHFFFAOYSA-N	174.1100006104
pbm-000017	Citrate	C6H8O7	C(C(=O)O)C(CC(=O)O)(C(=O)O)O	InChI=1S/C6H8O7/c7-3(8)1-6(13,5(11)12)2-4(9)10/h13H,1-2H2,(H,7,8)(H,9,10)(H,11,12)	KRKNYBCHXYNGOX-UHFFFAOYSA-N	192.1199951172
pbm-000018	tricarballylic acid	C6H8O6	C(C(CC(=O)O)C(=O)O)C(=O)O	InChI=1S/C6H8O6/c7-4(8)1-3(6(11)12)2-5(9)10/h3H,1-2H2,(H,7,8)(H,9,10)(H,11,12)	KQTIIICEAUMSDG-UHFFFAOYSA-N	176.1199951172
pbm-000019	malonic acid	C3H4O4	C(C(=O)O)C(=O)O	InChI=1S/C3H4O4/c4-2(5)1-3(6)7/h1H2,(H,4,5)(H,6,7)	OFOBLEOULBTSOW-UHFFFAOYSA-N	104.0599975586
pbm-000020	2-hydroxyethane-1,1,2-tricarboxylic acid	C5H6O7	C(C(C(=O)O)O)(C(=O)O)C(=O)O	InChI=1S/C5H6O7/c6-2(5(11)12)1(3(7)8)4(9)10/h1-2,6H,(H,7,8)(H,9,10)(H,11,12)	KQUHRPMHAGZVQY-UHFFFAOYSA-N	178.1000061035
pbm-000023	glycolic acid	C2H4O3	C(C(=O)O)O	InChI=1S/C2H4O3/c3-1-2(4)5/h3H,1H2,(H,4,5)	AEMRFAOFKBGASW-UHFFFAOYSA-N	76.0500030518
pbm-000025	hydroxylamine	H3NO	NO	InChI=1S/H3NO/c1-2/h2H,1H2	AVXURJPOCDRRFD-UHFFFAOYSA-N	33.0299987793
pbm-000027	L-Alanine	C3H7NO2	CC(C(=O)O)N	InChI=1S/C3H7NO2/c1-2(4)3(5)6/h2H,4H2,1H3,(H,5,6)	QNAYBMKLOCPYGJ-UHFFFAOYSA-N	89.0899963379
pbm-000028	L-Glutamate	C5H9NO4	C(CC(=O)O)C(C(=O)O)N	InChI=1S/C5H9NO4/c6-3(5(9)10)1-2-4(7)8/h3H,1-2,6H2,(H,7,8)(H,9,10)	WHUUTDBJXJRKMK-UHFFFAOYSA-N	147.1300048828
pbm-000029	Glycine	C2H5NO2	C(C(=O)O)N	InChI=1S/C2H5NO2/c3-1-2(4)5/h1,3H2,(H,4,5)	DHMQDGOQFOQNFH-UHFFFAOYSA-N	75.0699996948
pbm-000030	Ammonia	H3N	N	InChI=1S/H3N/h1H3	QGZKDVFQNNGYKY-UHFFFAOYSA-N	17.0310001373
pbm-000031	formamide	CH3NO	C(=O)N	InChI=1S/CH3NO/c2-1-3/h1H,(H2,2,3)	ZHNUHDYFZUAESO-UHFFFAOYSA-N	45.0410003662
pbm-000032	hydrogen cyanide	CHN	C#N	InChI=1S/CHN/c1-2/h1H	LELOWRISYMNNSU-UHFFFAOYSA-N	27.0249996185
pbm-000033	hydrogen sulfide	H2S	S	InChI=1S/H2S/h1H2	RWSOTUBLDIXVET-UHFFFAOYSA-N	34.0800018311
pbm-000034	Formaldehyde	CH2O	C=O	InChI=1S/CH2O/c1-2/h1H2	WSFSSNUMVMOOMR-UHFFFAOYSA-N	30.0259990692
pbm-000035	disulfane	H2S2	SS	InChI=1S/H2S2/c1-2/h1-2H	BWGNESOTFCXPMA-UHFFFAOYSA-N	66.1500015259
pbm-000036	glycolonitrile	C2H3NO	C(C#N)O	InChI=1S/C2H3NO/c3-1-2-4/h4H,2H2	LTYRAPJYLUPLCI-UHFFFAOYSA-N	57.0499992371
pbm-000037	aminoacetonitrile	C2H4N2	C(C#N)N	InChI=1S/C2H4N2/c3-1-2-4/h1,3H2	DFNYGALUNNFWKJ-UHFFFAOYSA-N	56.0699996948
pbm-000038	Glycolaldehyde	C2H4O2	C(C=O)O	InChI=1S/C2H4O2/c3-1-2-4/h1,4H,2H2	WGCNASOHLSPBMP-UHFFFAOYSA-N	60.0499992371
pbm-000039	2,3-dihydroxypropanenitrile	C3H5NO2	C(C(C#N)O)O	InChI=1S/C3H5NO2/c4-1-3(6)2-5/h3,5-6H,2H2	GLZDDCMPOSSPQC-UHFFFAOYSA-N	87.0800018311
pbm-000040	glyceraldehyde	C3H6O3	C(C(C=O)O)O	InChI=1S/C3H6O3/c4-1-3(6)2-5/h1,3,5-6H,2H2	MNQZXJOMYWMBOU-UHFFFAOYSA-N	90.0800018311
pbm-000041	Acetaldehyde	C2H4O	CC=O	InChI=1S/C2H4O/c1-2-3/h2H,1H3	IKHGUXGNUITLKF-UHFFFAOYSA-N	44.0499992371
pbm-000042	lactonitrile	C3H5NO	CC(C#N)O	InChI=1S/C3H5NO/c1-3(5)2-4/h3,5H,1H3	WOFDVDFSGLBFAC-UHFFFAOYSA-N	71.0800018311
pbm-000043	2-aminopropanenitrile	C3H6N2	CC(C#N)N	InChI=1S/C3H6N2/c1-3(5)2-4/h3H,5H2,1H3	UAMZETBJZRERCQ-UHFFFAOYSA-N	70.0899963379
pbm-000044	lactaldehyde	C3H6O2	CC(C=O)O	InChI=1S/C3H6O2/c1-3(5)2-4/h2-3,5H,1H3	BSABBBMNWQWLLU-UHFFFAOYSA-N	74.0800018311
pbm-000045		C5H9NO2	CC(O)CC(O)C#N	InChI=1S/C5H9NO2/c1-4(7)2-5(8)3-6/h4-5,7-8H,2H2,1H3	XGMCXVBHHRGPFF-UHFFFAOYSA-N	115.063328528
pbm-000046	2-amino-3-hydroxybutanenitrile	C4H8N2O	CC(C(C#N)N)O	InChI=1S/C4H8N2O/c1-3(7)4(6)2-5/h3-4,7H,6H2,1H3	VSLPYOQEAHSTCW-UHFFFAOYSA-N	100.1200027466
pbm-000047	cyanamide	CH2N2	C(#N)N	InChI=1S/CH2N2/c2-1-3/h2H2	XZMCDFZZKTWFGF-UHFFFAOYSA-N	42.0400009155
pbm-000048	1,3-oxazol-2-amine	C3H4N2O	C1=COC(=N1)N	InChI=1S/C3H4N2O/c4-3-5-1-2-6-3/h1-2H,(H2,4,5)	ACTKAGSPIFDCMF-UHFFFAOYSA-N	84.0800018311
pbm-000049	5-(hydroxymethyl)-2-iminohexahydrofuro(2,3-d)(1,3)oxazol-6-ol	C6H10N2O4	C(C1C(C2C(O1)N=C(O2)N)O)O	InChI=1S/C6H10N2O4/c7-6-8-5-4(12-6)3(10)2(1-9)11-5/h2-5,9-10H,1H2,(H2,7,8)	IVFVSTOFYHUJRU-UHFFFAOYSA-N	174.1499938965
pbm-000050	Urea	CH4N2O	C(=O)(N)N	InChI=1S/CH4N2O/c2-1(3)4/h(H4,2,3,4)	XSQUKJJJFZCRTK-UHFFFAOYSA-N	60.0559997559
pbm-000051	cyanoacetylene	C3HN	C#CC#N	InChI=1S/C3HN/c1-2-3-4/h1H	LNDJVIYUJOJFSO-UHFFFAOYSA-N	51.0499992371
pbm-000052			NC1=NC2=N(C=C1)C1OC(CO)C(O)C1O2	InChI=1S/C9H12N3O4/c10-5-1-2-12-8-7(16-9(12)11-5)6(14)4(3-13)15-8/h1-2,4,6-8,13-14H,3H2,(H2,10,11)	BSHMQUOJXSLPQX-UHFFFAOYSA-N	
pbm-000054	4-amino-1-[2-hydroxy-6-(hydroxymethyl)-2-oxidotetrahydrofuro[3,4-d][1,3,2]dioxaphosphol-4-yl]pyrimidin-2(1h)-one	C9H12N3O7P	C1=CN(C(=O)N=C1N)C2C3C(C(O2)CO)OP(=O)(O3)O	InChI=1S/C9H12N3O7P/c10-5-1-2-12(9(14)11-5)8-7-6(4(3-13)17-8)18-20(15,16)19-7/h1-2,4,6-8,13H,3H2,(H,15,16)(H2,10,11,14)	NMPZCCZXCOMSDQ-UHFFFAOYSA-N	305.1799926758
pbm-000055	4-hydroxy-1-[2-hydroxy-6-(hydroxymethyl)-2-oxotetrahydro-2h-2lambda~5~-furo[3,4-d][1,3,2]dioxaphosphol-4-yl]pyrimidin-2(1h)-one	C9H11N2O8P	C1=CN(C(=O)NC1=O)C2C3C(C(O2)CO)OP(=O)(O3)O	InChI=1S/C9H11N2O8P/c12-3-4-6-7(19-20(15,16)18-6)8(17-4)11-2-1-5(13)10-9(11)14/h1-2,4,6-8,12H,3H2,(H,15,16)(H,10,13,14)	HWDMHJDYMFRXOX-UHFFFAOYSA-N	306.1700134277
pbm-000056	dihydroxyacetone	C3H6O3	C(C(=O)CO)O	InChI=1S/C3H6O3/c4-1-3(6)2-5/h4-5H,1-2H2	RXKJFZQQPQGTFL-UHFFFAOYSA-N	90.0800018311
pbm-000057	acetone	C3H6O	CC(=O)C	InChI=1S/C3H6O/c1-3(2)4/h1-2H3	CSCPPACGZOOCGX-UHFFFAOYSA-N	58.0800018311
pbm-000058	hydroxyacetone	C3H6O2	CC(=O)CO	InChI=1S/C3H6O2/c1-3(5)2-4/h4H,2H2,1H3	XLSMFKSTNGKWQX-UHFFFAOYSA-N	74.0800018311
pbm-000059	glycerin	C3H8O3	C(C(CO)O)O	InChI=1S/C3H8O3/c4-1-3(6)2-5/h3-6H,1-2H2	PEDCQBHIVMGVHV-UHFFFAOYSA-N	92.0899963379
pbm-000060	acetone cyanohydrin	C4H7NO	CC(C)(C#N)O	InChI=1S/C4H7NO/c1-4(2,6)3-5/h6H,1-2H3	MWFMGBPGAXYFAR-UHFFFAOYSA-N	85.0999984741
pbm-000061	2-hydroxy-2-methylpropanethioamide	C4H9NOS	CC(C)(C(=S)N)O	InChI=1S/C4H9NOS/c1-4(2,6)3(5)7/h6H,1-2H3,(H2,5,7)	UEALJPXRGOJHRH-UHFFFAOYSA-N	119.1900024414
pbm-000062	2-hydroxy-3-methylbutanenitrile	C5H9NO	CC(C)C(C#N)O	InChI=1S/C5H9NO/c1-4(2)5(7)3-6/h4-5,7H,1-2H3	YRBPUNHOIVAUFA-UHFFFAOYSA-N	99.1299972534
pbm-000063	2-amino-3-methylbutanenitrile	C5H10N2	CC(C)C(C#N)N	InChI=1S/C5H10N2/c1-4(2)5(7)3-6/h4-5H,7H2,1-2H3	ZMMPZEFSSVTIIW-UHFFFAOYSA-N	98.1500015259
pbm-000064	2-hydroxy-3-methylbutanethioamide	C5H11NOS	CC(C)C(C(=S)N)O	InChI=1S/C5H11NOS/c1-3(2)4(7)5(6)8/h3-4,7H,1-2H3,(H2,6,8)	ALGMEIRKIBWICF-UHFFFAOYSA-N	133.2100067139
pbm-000065	3-methylbutanethioamide	C5H11NS	CC(C)CC(=S)N	InChI=1S/C5H11NS/c1-4(2)3-5(6)7/h4H,3H2,1-2H3,(H2,6,7)	NFWCTMFZCLAVSD-UHFFFAOYSA-N	117.2200012207
pbm-000066	2-hydroxy-4-methylpentanenitrile	C6H11NO	CC(C)CC(C#N)O	InChI=1S/C6H11NO/c1-5(2)3-6(8)4-7/h5-6,8H,3H2,1-2H3	HAQDYBJHNGGTLI-UHFFFAOYSA-N	113.1600036621
pbm-000067	acetylene	C2H2	C#C	InChI=1S/C2H2/c1-2/h1-2H	HSFWRNGVRCDJHI-UHFFFAOYSA-N	26.0400009155
pbm-000068	acrylonitrile	C3H3N	C=CC#N	InChI=1S/C3H3N/c1-2-3-4/h2H,1H2	NLHHRLWOUZZQLW-UHFFFAOYSA-N	53.0600013733
pbm-000069	3-aminopropanenitrile	C3H6N2	C(CN)C#N	InChI=1S/C3H6N2/c4-2-1-3-5/h1-2,4H2	AGSPXMVUFBBBMO-UHFFFAOYSA-N	70.0899963379
pbm-000070	2-(2-cyanoethyl)guanidine	C4H8N4	C(CN=C(N)N)C#N	InChI=1S/C4H8N4/c5-2-1-3-8-4(6)7/h1,3H2,(H4,6,7,8)	AEMBKSXWMZVMTN-UHFFFAOYSA-N	112.1299972534
pbm-000071	4-hydroxy-2-imino-hexahydropyrimidine	C4H9N3O	C1CN=C(NC1O)N	InChI=1S/C4H9N3O/c5-4-6-2-1-3(8)7-4/h3,8H,1-2H2,(H3,5,6,7)	OGXDYWBMLYVBQS-UHFFFAOYSA-N	115.1299972534
pbm-000072	amino((3-cyano-3-hydroxypropyl)amino)methaniminium	C5H10N4O	C(CN=C(N)N)C(C#N)O	InChI=1S/C5H10N4O/c6-3-4(10)1-2-9-5(7)8/h4,10H,1-2H2,(H4,7,8,9)	KYYDGGLVCDFFOX-UHFFFAOYSA-N	142.1600036621
pbm-000073	4-(diaminomethylideneamino)-2-hydroxybutanethioamide	C5H12N4OS	C(CN=C(N)N)C(C(=S)N)O	InChI=1S/C5H12N4OS/c6-4(11)3(10)1-2-9-5(7)8/h3,10H,1-2H2,(H2,6,11)(H4,7,8,9)	WQHBYIUCBRJIKH-UHFFFAOYSA-N	176.2400054932
pbm-000074	4-(diaminomethylideneamino)butanethioamide	C5H12N4S	C(CC(=S)N)CN=C(N)N	InChI=1S/C5H12N4S/c6-4(10)2-1-3-9-5(7)8/h1-3H2,(H2,6,10)(H4,7,8,9)	LNCNEIPNWWFSHV-UHFFFAOYSA-N	160.2400054932
pbm-000076	2-(4-cyano-4-hydroxybutyl)guanidine	C6H12N4O	C(CC(C#N)O)CN=C(N)N	InChI=1S/C6H12N4O/c7-4-5(11)2-1-3-10-6(8)9/h5,11H,1-3H2,(H4,8,9,10)	HBOGPXKLQVMGLZ-UHFFFAOYSA-N	156.1900024414
pbm-000077	2-(4-amino-4-cyanobutyl)guanidine	C6H13N5	C(CC(C#N)N)CN=C(N)N	InChI=1S/C6H13N5/c7-4-5(8)2-1-3-11-6(9)10/h5H,1-3,8H2,(H4,9,10,11)	PTCAWABYQRNMHW-UHFFFAOYSA-N	155.1999969482
pbm-000078	3-aminopropanal	C3H7NO	C(CN)C=O	InChI=1S/C3H7NO/c4-2-1-3-5/h3H,1-2,4H2	PCXDJQZLDDHMGX-UHFFFAOYSA-N	73.0899963379
pbm-000079	4-amino-2-hydroxybutanenitrile	C4H8N2O	C(CN)C(C#N)O	InChI=1S/C4H8N2O/c5-2-1-4(7)3-6/h4,7H,1-2,5H2	AGOKWNFRNNXWDH-UHFFFAOYSA-N	100.1200027466
pbm-000080	4-amino-2-hydroxybutanethioamide	C4H10N2OS	C(CN)C(C(=S)N)O	InChI=1S/C4H10N2OS/c5-2-1-3(7)4(6)8/h3,7H,1-2,5H2,(H2,6,8)	WJJOYQVCMUJFNE-UHFFFAOYSA-N	134.1999969482
pbm-000081	3-hydroxypyrrolidine-2-thione	C4H7NOS	C1CNC(=S)C1O	InChI=1S/C4H7NOS/c6-3-1-2-5-4(3)7/h3,6H,1-2H2,(H,5,7)	UQBSVNWJGJALPC-UHFFFAOYSA-N	117.1699981689
pbm-000082	pyrrolidine-2-thione	C4H7NS	C1CC(=S)NC1	InChI=1S/C4H7NS/c6-4-2-1-3-5-4/h1-3H2,(H,5,6)	IMWUREPEYPRYOR-UHFFFAOYSA-N	101.1699981689
pbm-000083	pyrrolidine-2-carbonitrile	C5H8N2	C1CC(NC1)C#N	InChI=1S/C5H8N2/c6-4-5-2-1-3-7-5/h5,7H,1-3H2	ALSCEGDXFJIYES-UHFFFAOYSA-N	96.1299972534
pbm-000084	but-2-enedinitrile	C4H2N2	C(=CC#N)C#N	InChI=1S/C4H2N2/c5-3-1-2-4-6/h1-2H	KYPOHTVBFVELTG-UHFFFAOYSA-N	78.0699996948
pbm-000085	malonitrile	C4H4N2O	C(C#N)C(C#N)O	InChI=1S/C4H4N2O/c5-2-1-4(7)3-6/h4,7H,1H2	JXPDNDHCMMOJPC-UHFFFAOYSA-N	96.0899963379
pbm-000086	succinonitrile	C4H4N2	C(CC#N)C#N	InChI=1S/C4H4N2/c5-3-1-2-4-6/h1-2H2	IAHFWCOBPZCAEA-UHFFFAOYSA-N	80.0899963379
pbm-000087	4-oxobutanenitrile	C4H5NO	C(CC#N)C=O	InChI=1S/C4H5NO/c5-3-1-2-4-6/h4H,1-2H2	CGFGIKNLZTZJDE-UHFFFAOYSA-N	83.0899963379
pbm-000088	2-hydroxyadiponitrile	C6H8N2O	C(CC#N)CC(C#N)O	InChI=1S/C6H8N2O/c7-4-2-1-3-6(9)5-8/h6,9H,1-3H2	GPSMBEQYCNMPHF-UHFFFAOYSA-N	124.1399993896
pbm-000089	2-hydroxypentanedinitrile	C5H6N2O	C(CC(C#N)O)C#N	InChI=1S/C5H6N2O/c6-3-1-2-5(8)4-7/h5,8H,1-2H2	DDCDTWPTVDVDDU-UHFFFAOYSA-N	110.1100006104
pbm-000090	2-aminopentanedinitrile	C5H7N3	C(CC(C#N)N)C#N	InChI=1S/C5H7N3/c6-3-1-2-5(8)4-7/h5H,1-2,8H2	OEJCZBUJXIJRST-UHFFFAOYSA-N	109.1299972534
pbm-000091	2-amino-3-hydroxypropanenitrile	C3H6N2O	C(C(C#N)N)O	InChI=1S/C3H6N2O/c4-1-3(5)2-6/h3,6H,2,5H2	BOYRGCUYTXBPQH-UHFFFAOYSA-N	86.0899963379
pbm-000092	L-Serine	C3H7NO3	C(C(C(=O)O)N)O	InChI=1S/C3H7NO3/c4-2(1-5)3(6)7/h2,5H,1,4H2,(H,6,7)	MTCFGRXMJLQNBG-UHFFFAOYSA-N	105.0899963379
pbm-000093	L-Threonine	C4H9NO3	CC(C(C(=O)O)N)O	InChI=1S/C4H9NO3/c1-2(6)3(5)4(7)8/h2-3,6H,5H2,1H3,(H,7,8)	AYFVYJQAPQTCCC-UHFFFAOYSA-N	119.1200027466
pbm-000094	L-Valine	C5H11NO2	CC(C)C(C(=O)O)N	InChI=1S/C5H11NO2/c1-3(2)4(6)5(7)8/h3-4H,6H2,1-2H3,(H,7,8)	KZSNJWFQEVHDMF-UHFFFAOYSA-N	117.1500015259
pbm-000095	2-amino-4-methylpentanenitrile	C6H12N2	CC(C)CC(C#N)N	InChI=1S/C6H12N2/c1-5(2)3-6(8)4-7/h5-6H,3,8H2,1-2H3	ROAHGHLLRAUFEQ-UHFFFAOYSA-N	112.1699981689
pbm-000096	L-Arginine	C6H14N4O2	C(CC(C(=O)O)N)CN=C(N)N	InChI=1S/C6H14N4O2/c7-4(5(11)12)2-1-3-10-6(8)9/h4H,1-3,7H2,(H,11,12)(H4,8,9,10)	ODKSFYDXXFIFQN-UHFFFAOYSA-N	174.1999969482
pbm-000097	2-aminosuccinonitrile	C4H5N3	C(C#N)C(C#N)N	InChI=1S/C4H5N3/c5-2-1-4(7)3-6/h4H,1,7H2	VKLBVSAOSBIXST-UHFFFAOYSA-N	95.0999984741
pbm-000098	L-Glutamine	C5H10N2O3	C(CC(=O)N)C(C(=O)O)N	InChI=1S/C5H10N2O3/c6-3(5(9)10)1-2-4(7)8/h3H,1-2,6H2,(H2,7,8)(H,9,10)	ZDXPYRJPNDTMRX-UHFFFAOYSA-N	146.1399993896
pbm-000099	L-Asparagine	C4H8N2O3	C(C(C(=O)O)N)C(=O)N	InChI=1S/C4H8N2O3/c5-2(4(8)9)1-3(6)7/h2H,1,5H2,(H2,6,7)(H,8,9)	DCXYFEDJOCDNAF-UHFFFAOYSA-N	132.1199951172
pbm-000100	L-Proline	C5H9NO2	C1CC(NC1)C(=O)O	InChI=1S/C5H9NO2/c7-5(8)4-2-1-3-6-4/h4,6H,1-3H2,(H,7,8)	ONIBWKKTOPOVIA-UHFFFAOYSA-N	115.1299972534
pbm-000105	methanediol	CH4O2	C(O)O	InChI=1S/CH4O2/c2-1-3/h2-3H,1H2	CKFGINPQOCXMAZ-UHFFFAOYSA-N	48.0410003662
pbm-000108	Methanol	CH4O	CO	InChI=1S/CH4O/c1-2/h2H,1H3	OKKJLVBELUTLKV-UHFFFAOYSA-N	32.0419998169
pbm-000110	ethylene glycol	C2H6O2	C(CO)O	InChI=1S/C2H6O2/c3-1-2-4/h3-4H,1-2H2	LYCAIKOWRPUZTN-UHFFFAOYSA-N	62.0699996948
pbm-000111	vinyl alcohol	C2H4O	C=CO	InChI=1S/C2H4O/c1-2-3/h2-3H,1H2	IMROMDMJAWUWLK-UHFFFAOYSA-N	44.0499992371
pbm-000112	ethanol	C2H6O	CCO	InChI=1S/C2H6O/c1-2-3/h3H,2H2,1H3	LFQSCWFLJHTTHZ-UHFFFAOYSA-N	46.0699996948
pbm-000113	sulfoacetic acid	C2H4O5S	C(C(=O)O)S(=O)(=O)O	InChI=1S/C2H4O5S/c3-2(4)1-8(5,6)7/h1H2,(H,3,4)(H,5,6,7)	AGGIJOLULBJGTQ-UHFFFAOYSA-N	140.1199951172
pbm-000116	2,3-dihydroxybutanedioic acid	C4H6O6	C(C(C(=O)O)O)(C(=O)O)O	InChI=1S/C4H6O6/c5-1(3(7)8)2(6)4(9)10/h1-2,5-6H,(H,7,8)(H,9,10)	FEWJPZIEWOKRBE-UHFFFAOYSA-N	150.0899963379
pbm-000117	tartronic acid	C3H4O5	C(C(=O)O)(C(=O)O)O	InChI=1S/C3H4O5/c4-1(2(5)6)3(7)8/h1,4H,(H,5,6)(H,7,8)	ROBFUDYVXSDBQM-UHFFFAOYSA-N	120.0599975586
pbm-000118	mesoxalic acid	C3H2O5	C(=O)(C(=O)O)C(=O)O	InChI=1S/C3H2O5/c4-1(2(5)6)3(7)8/h(H,5,6)(H,7,8)	XEEVLJKYYUVTRC-UHFFFAOYSA-N	118.0400009155
pbm-000119	carbon disulfide	CS2	C(=S)=S	InChI=1S/CS2/c2-1-3	QGJOPFRUJISHPQ-UHFFFAOYSA-N	76.1500015259
pbm-000120	hydrogen	H2	[HH]	InChI=1S/H2/h1H	UFHFLCQGNIYNRP-UHFFFAOYSA-N	2.0160000324
pbm-000121	methanethiol	CH4S	CS	InChI=1S/CH4S/c1-2/h2H,1H3	LSDPWZHWYPCBBB-UHFFFAOYSA-N	48.1100006104
pbm-000122	tetrathioperoxycarbonic acid	CH2S4	C(=S)(S)SS	InChI=1S/CH2S4/c2-1(3)5-4/h4H,(H,2,3)	YLMCXNYRFRRKDI-UHFFFAOYSA-N	142.3000030518
pbm-000123	1,2,3,4,5-pentathiane	CH2S5	C1SSSSS1	InChI=1S/CH2S5/c1-2-4-6-5-3-1/h1H2	CLYCCGMFKNZNJJ-UHFFFAOYSA-N	174.3999938965
pbm-000124	hexathiepane	CH2S6	C1SSSSSS1	InChI=1S/CH2S6/c1-2-4-6-7-5-3-1/h1H2	JMYWPEQXUQGQNF-UHFFFAOYSA-N	206.3999938965
pbm-000125	dimethyl disulfide	C2H6S2	CSSC	InChI=1S/C2H6S2/c1-3-4-2/h1-2H3	WQOXQRCZOLPYPM-UHFFFAOYSA-N	94.1999969482
pbm-000126	dimethyl trisulfide	C2H6S3	CSSSC	InChI=1S/C2H6S3/c1-3-5-4-2/h1-2H3	YWHLKYXPLRWGSE-UHFFFAOYSA-N	126.3000030518
pbm-000127	dimethyl tetrasulfide	C2H6S4	CSSSSC	InChI=1S/C2H6S4/c1-3-5-6-4-2/h1-2H3	NPNIZCVKXVRCHF-UHFFFAOYSA-N	158.3000030518
pbm-000128	dimethyl pentasulfide	C2H6S5	CSSSSSC	InChI=1S/C2H6S5/c1-3-5-7-6-4-2/h1-2H3	HFHOSCCMQJJVKR-UHFFFAOYSA-N	190.3999938965
pbm-000129	methane	CH4	C	InChI=1S/CH4/h1H4	VNWKTOKETHGBQD-UHFFFAOYSA-N	16.0429992676
pbm-000130	1,2,4-trithiolane	C2H4S3	C1SCSS1	InChI=1S/C2H4S3/c1-3-2-5-4-1/h1-2H2	QHGFEUAAQKJXDI-UHFFFAOYSA-N	124.3000030518
pbm-000131	1,3,5-trithiane	C3H6S3	C1SCSCS1	InChI=1S/C3H6S3/c1-4-2-6-3-5-1/h1-3H2	LORRLQMLLQLPSJ-UHFFFAOYSA-N	138.3000030518
pbm-000132	1,2,4,5-tetrathiane	C2H4S4	C1SSCSS1	InChI=1S/C2H4S4/c1-3-5-2-6-4-1/h1-2H2	VXTWQLLUXWBOGW-UHFFFAOYSA-N	156.3000030518
pbm-000133	1,2,4,6-tetrathiepane	C3H6S4	C1SCSSCS1	InChI=1S/C3H6S4/c1-4-2-6-7-3-5-1/h1-3H2	LCABDMYFXTZXMI-UHFFFAOYSA-N	170.3000030518
pbm-000134	1,2,4,5,7-pentathiocane	C3H6S5	C1SCSSCSS1	InChI=1S/C3H6S5/c1-4-2-6-8-3-7-5-1/h1-3H2	QFHGOPGLIADNQA-UHFFFAOYSA-N	202.3999938965
pbm-000135	1,4-dithiane	C4H8S2	C1CSCCS1	InChI=1S/C4H8S2/c1-2-6-4-3-5-1/h1-4H2	LOZWAPSEEHRYPG-UHFFFAOYSA-N	120.1999969482
pbm-000136	allyl methyl trisulfide	C4H8S3	CSSSCC=C	InChI=1S/C4H8S3/c1-3-4-6-7-5-2/h3H,1,4H2,2H3	JGMPRNFEEAJLAJ-UHFFFAOYSA-N	152.3000030518
pbm-000137	3,6-dimethyl-1,2,4,5-tetrathiane	C4H8S4	CC1SSC(SS1)C	InChI=1S/C4H8S4/c1-3-5-7-4(2)8-6-3/h3-4H,1-2H3	OLLSVBUNSGNIRV-UHFFFAOYSA-N	184.3999938965
pbm-000138	2,3,5-trithiahexane	C3H8S3	CSCSSC	InChI=1S/C3H8S3/c1-4-3-6-5-2/h3H2,1-2H3	MYIOBINSHMEDEY-UHFFFAOYSA-N	140.3000030518
pbm-000139	methyl propyl trisulfide	C4H10S3	CCCSSSC	InChI=1S/C4H10S3/c1-3-4-6-7-5-2/h3-4H2,1-2H3	ZOYASYRPGHCQHW-UHFFFAOYSA-N	154.3000030518
pbm-000140	methyl propyl tetrasulphide	C4H10S4	CCCSSSSC	InChI=1S/C4H10S4/c1-3-4-6-8-7-5-2/h3-4H2,1-2H3	QQHQQGRHGUQYLO-UHFFFAOYSA-N	186.3999938965
pbm-000141	methane, tetrakis(methylthio)-	C5H12S4	CSC(SC)(SC)SC	InChI=1S/C5H12S4/c1-6-5(7-2,8-3)9-4/h1-4H3	VIKWCIAIVDLETK-UHFFFAOYSA-N	200.3999938965
pbm-000143	gamma-aminobutyric acid	C4H9NO2	C(CC(=O)O)CN	InChI=1S/C4H9NO2/c5-3-1-2-4(6)7/h1-3,5H2,(H,6,7)	BTCSSZJGUNDROE-UHFFFAOYSA-N	103.1200027466
pbm-000144	methylamine	CH5N	CN	InChI=1S/CH5N/c1-2/h2H2,1H3	BAVYZALUXZFZLV-UHFFFAOYSA-N	31.0569992065
pbm-000145	ethylamine	C2H7N	CCN	InChI=1S/C2H7N/c1-2-3/h2-3H2,1H3	QUSNBJAOOMFDIB-UHFFFAOYSA-N	45.0800018311
pbm-000147	methyl 3-isocyanatopropanoate	C5H7NO3	COC(=O)CCN=C=O	InChI=1S/C5H7NO3/c1-9-5(8)2-3-6-4-7/h2-3H2,1H3	QLTHBWIACSBXPR-UHFFFAOYSA-N	129.1100006104
pbm-000148	dl-pyroglutamic acid	C5H7NO3	C1CC(=O)NC1C(=O)O	InChI=1S/C5H7NO3/c7-4-2-1-3(6-4)5(8)9/h3H,1-2H2,(H,6,7)(H,8,9)	ODHCTXKNWHHXJC-UHFFFAOYSA-N	129.1100006104
pbm-000149	2-pyrrolidinone	C4H7NO	C1CC(=O)NC1	InChI=1S/C4H7NO/c6-4-2-1-3-5-4/h1-3H2,(H,5,6)	HNJBEVLQSNELDL-UHFFFAOYSA-N	85.0999984741
pbm-000150	glycylglycine	C4H8N2O3	C(C(=O)NCC(=O)O)N	InChI=1S/C4H8N2O3/c5-1-3(7)6-2-4(8)9/h1-2,5H2,(H,6,7)(H,8,9)	YMAWOPBAYDPSLA-UHFFFAOYSA-N	132.1199951172
pbm-000151	2,5-piperazinedione	C4H6N2O2	C1C(=O)NCC(=O)N1	InChI=1S/C4H6N2O2/c7-3-1-5-4(8)2-6-3/h1-2H2,(H,5,8)(H,6,7)	BXRNXXXXHLBUKK-UHFFFAOYSA-N	114.0999984741
pbm-000155	ethanolamine	C2H7NO	C(CO)N	InChI=1S/C2H7NO/c3-1-2-4/h4H,1-3H2	HZAXFHJVJLSVMW-UHFFFAOYSA-N	61.0800018311
pbm-000156	ethylene oxide	C2H4O	C1CO1	InChI=1S/C2H4O/c1-2-3-1/h1-2H2	IAYPIBMASNFSPL-UHFFFAOYSA-N	44.0499992371
pbm-000158	dimethylamine	C2H7N	CNC	InChI=1S/C2H7N/c1-3-2/h3H,1-2H3	ROSDSFDQCJNGOL-UHFFFAOYSA-N	45.0800018311
pbm-000159	lactic acid	C3H6O3	CC(C(=O)O)O	InChI=1S/C3H6O3/c1-2(4)3(5)6/h2,4H,1H3,(H,5,6)	JVTAAEKCZFNVCJ-UHFFFAOYSA-N	90.0800018311
pbm-000160	morpholine	C4H9NO	C1COCCN1	InChI=1S/C4H9NO/c1-3-6-4-2-5-1/h5H,1-4H2	YNAVUWVOSKDBBP-UHFFFAOYSA-N	87.1200027466
pbm-000161	ethyl vinyl ether	C4H8O	CCOC=C	InChI=1S/C4H8O/c1-3-5-4-2/h3H,1,4H2,2H3	FJKIXWOMBXYWOQ-UHFFFAOYSA-N	72.1100006104
pbm-000162	isobutyric acid	C4H8O2	CC(C)C(=O)O	InChI=1S/C4H8O2/c1-3(2)4(5)6/h3H,1-2H3,(H,5,6)	KQNPFQTWMSNSAP-UHFFFAOYSA-N	88.1100006104
pbm-000163	sec-butylamine	C4H11N	CCC(C)N	InChI=1S/C4H11N/c1-3-4(2)5/h4H,3,5H2,1-2H3	BHRZNVHARXXAHW-UHFFFAOYSA-N	73.1399993896
pbm-000164	isobutanol	C4H10O	CC(C)CO	InChI=1S/C4H10O/c1-4(2)3-5/h4-5H,3H2,1-2H3	ZXEKIIBDNHEJCQ-UHFFFAOYSA-N	74.1200027466
pbm-000165	Acetate	C2H4O2	CC(=O)O	InChI=1S/C2H4O2/c1-2(3)4/h1H3,(H,3,4)	QTBSBXVTEAMEQO-UHFFFAOYSA-N	60.0499992371
pbm-000166	ethyl formate	C3H6O2	CCOC=O	InChI=1S/C3H6O2/c1-2-5-3-4/h3H,2H2,1H3	WBJINCZRORDGAQ-UHFFFAOYSA-N	74.0800018311
pbm-000167	butyric acid	C4H8O2	CCCC(=O)O	InChI=1S/C4H8O2/c1-2-3-4(5)6/h2-3H2,1H3,(H,5,6)	FERIUCNNQQJTOY-UHFFFAOYSA-N	88.1100006104
pbm-000168	pentenedioic acid	C5H6O4	C(C=CC(=O)O)C(=O)O	InChI=1S/C5H6O4/c6-4(7)2-1-3-5(8)9/h1-2H,3H2,(H,6,7)(H,8,9)	XVOUMQNXTGKGMA-UHFFFAOYSA-N	130.1000061035
pbm-000169	2-hydroxyglutaric acid	C5H8O5	C(CC(=O)O)C(C(=O)O)O	InChI=1S/C5H8O5/c6-3(5(9)10)1-2-4(7)8/h3,6H,1-2H2,(H,7,8)(H,9,10)	HWXBTNAVRSUOJR-UHFFFAOYSA-N	148.1100006104
pbm-000170	Formate	CH2O2	C(=O)O	InChI=1S/CH2O2/c2-1-3/h1H,(H,2,3)	BDAGIHXWWSANSR-UHFFFAOYSA-N	46.0250015259
pbm-000172	n-(2-hydroxyethyl)iminodiacetic acid	C6H11NO5	C(CO)N(CC(=O)O)CC(=O)O	InChI=1S/C6H11NO5/c8-2-1-7(3-5(9)10)4-6(11)12/h8H,1-4H2,(H,9,10)(H,11,12)	JYXGIOKAKDAARW-UHFFFAOYSA-N	177.1600036621
pbm-000173	2-amino-4-hydroxy-4-methylpentanedioic acid	C6H11NO5	CC(CC(C(=O)O)N)(C(=O)O)O	InChI=1S/C6H11NO5/c1-6(12,5(10)11)2-3(7)4(8)9/h3,12H,2,7H2,1H3,(H,8,9)(H,10,11)	ONTAOGAXMOTXQW-UHFFFAOYSA-N	177.1600036621
pbm-000174	3-buten-2-one, 4-amino-, (e)-	C4H7NO	CC(=O)C=CN	InChI=1S/C4H7NO/c1-4(6)2-3-5/h2-3H,5H2,1H3	NGUGWHFIVAQVMN-UHFFFAOYSA-N	85.0999984741
pbm-000175	5-aminovaleric acid	C5H11NO2	C(CCN)CC(=O)O	InChI=1S/C5H11NO2/c6-4-2-1-3-5(7)8/h1-4,6H2,(H,7,8)	JJMDCOVWQOJGCB-UHFFFAOYSA-N	117.1500015259
pbm-000176	2-piperidone	C5H9NO	C1CCNC(=O)C1	InChI=1S/C5H9NO/c7-5-3-1-2-4-6-5/h1-4H2,(H,6,7)	XUWHAWMETYGRKB-UHFFFAOYSA-N	99.1299972534
pbm-000177	ferrous oxide	FeO	O=[Fe]	InChI=1S/Fe.O	UQSXHKLRYXJYBZ-UHFFFAOYSA-N	71.8399963379
pbm-000178	iron(iii) oxide	Fe2O3	O=[Fe]O[Fe]=O	InChI=1S/2Fe.3O	JEIPFZHSYJVQDO-UHFFFAOYSA-N	159.6900024414
pbm-000180	ferrous ion	Fe+2	[Fe+2]	InChI=1S/Fe/q+2	CWYNVVGOOAEACU-UHFFFAOYSA-N	55.8400001526
pbm-000181	iron	Fe	[Fe]	InChI=1S/Fe	XEEYBQQBJWHFJM-UHFFFAOYSA-N	55.8400001526
pbm-000182	nickel	Ni	[Ni]	InChI=1S/Ni	PXHVJJICTQNCMI-UHFFFAOYSA-N	58.6930007935
pbm-000183	nitrous acid	HNO2	N(=O)O	InChI=1S/HNO2/c2-1-3/h(H,2,3)	IOVCWXUNBOPUCH-UHFFFAOYSA-N	47.013999939
pbm-000186	nitrate	NO3-	[N+](=O)([O-])[O-]	InChI=1S/NO3/c2-1(3)4/q-1	NHNBFGGVMKEFGY-UHFFFAOYSA-N	62.0050010681
pbm-000187	peracetic acid	C2H4O3	CC(=O)OO	InChI=1S/C2H4O3/c1-2(3)5-4/h4H,1H3	KFSLWBXXFJQRDL-UHFFFAOYSA-N	76.0500030518
pbm-000188	alpha-(hydroxymethyl)serine	C4H9NO4	C(C(CO)(C(=O)O)N)O	InChI=1S/C4H9NO4/c5-4(1-6,2-7)3(8)9/h6-7H,1-2,5H2,(H,8,9)	ZRPDXDBGEYHEBJ-UHFFFAOYSA-N	135.1199951172
pbm-000189	2-methylserine	C4H9NO3	CC(CO)(C(=O)O)N	InChI=1S/C4H9NO3/c1-4(5,2-6)3(7)8/h6H,2,5H2,1H3,(H,7,8)	CDUUKBXTEOFITR-UHFFFAOYSA-N	119.1200027466
pbm-000191	(sulfooxy)acetic acid	C2H4O6S	C(C(=O)O)OS(=O)(=O)O	InChI=1S/C2H4O6S/c3-2(4)1-8-9(5,6)7/h1H2,(H,3,4)(H,5,6,7)	KHEDIYCQDPMFKF-UHFFFAOYSA-N	156.1199951172
pbm-000192	1,2,3-trihydroxypropane-1,2,3-tricarboxylic acid	C6H8O9	C(C(=O)O)(C(C(C(=O)O)O)(C(=O)O)O)O	InChI=1S/C6H8O9/c7-1(3(9)10)6(15,5(13)14)2(8)4(11)12/h1-2,7-8,15H,(H,9,10)(H,11,12)(H,13,14)	JOMKFSZNMGIRPJ-UHFFFAOYSA-N	224.1199951172
pbm-000193	hydroxycitric acid	C6H8O8	C(C(=O)O)C(C(C(=O)O)O)(C(=O)O)O	InChI=1S/C6H8O8/c7-2(8)1-6(14,5(12)13)3(9)4(10)11/h3,9,14H,1H2,(H,7,8)(H,10,11)(H,12,13)	ZMJBYMUCKBYSCP-UHFFFAOYSA-N	208.1199951172
pbm-000194		C6H10N2O4	N=C1N=CC(C(O)C(O)CO)O1	InChI=1S/C6H10N2O4/c7-6-8-1-4(12-6)5(11)3(10)2-9/h1,3-5,7,9-11H,2H2	RQLZBTHVFTYFCC-UHFFFAOYSA-N	174.0640568
pbm-000196		C5H8N2O3	N=C1N=CC(C(O)CO)O1	InChI=1S/C5H8N2O3/c6-5-7-1-4(10-5)3(9)2-8/h1,3-4,6,8-9H,2H2	LLSPNYMDXJCWTR-UHFFFAOYSA-N	144.053492116
pbm-000197		C5H8N2O3	NC1=NC2OCC(O)C2O1	InChI=1S/C5H8N2O3/c6-5-7-4-3(10-5)2(8)1-9-4/h2-4,8H,1H2,(H2,6,7)	QRVQCGXHNKIDQD-UHFFFAOYSA-N	144.053492116
pbm-000202	6-amino-9h-purine-8-thiol	C5H5N5S	C1=NC(=C2C(=N1)NC(=S)N2)N	InChI=1S/C5H5N5S/c6-3-2-4(8-1-7-3)10-5(11)9-2/h1H,(H4,6,7,8,9,10,11)	BHVOFCPOXNYVCE-UHFFFAOYSA-N	167.1900024414
pbm-000207	n-(hydroxymethyl)glycine	C3H7NO3	C(C(=O)O)NCO	InChI=1S/C3H7NO3/c5-2-4-1-3(6)7/h4-5H,1-2H2,(H,6,7)	WBTIFBJEYFLFFW-UHFFFAOYSA-N	105.0899963379
pbm-000209	n-methyl methanimine	C2H5N	CN=C	InChI=1S/C2H5N/c1-3-2/h1H2,2H3	NYVSDPNXBIEFPW-UHFFFAOYSA-N	43.0699996948
pbm-000210	sarcosine	C3H7NO2	CNCC(=O)O	InChI=1S/C3H7NO2/c1-4-2-3(5)6/h4H,2H2,1H3,(H,5,6)	FSYKKLYZXJSNPZ-UHFFFAOYSA-N	89.0899963379
pbm-000211	hydroxy(methylamino)acetic acid	C3H7NO3	CNC(C(=O)O)O	InChI=1S/C3H7NO3/c1-4-2(5)3(6)7/h2,4-5H,1H3,(H,6,7)	UFEVCHNDUJQYRK-UHFFFAOYSA-N	105.0899963379
pbm-000214	succinic semialdehyde	C4H6O3	C(CC(=O)O)C=O	InChI=1S/C4H6O3/c5-3-1-2-4(6)7/h3H,1-2H2,(H,6,7)	UIUJIQZEACWQSV-UHFFFAOYSA-N	102.0899963379
pbm-000216	thioacetamide	C2H5NS	CC(=S)N	InChI=1S/C2H5NS/c1-2(3)4/h1H3,(H2,3,4)	YUKQRDCYNOVPGJ-UHFFFAOYSA-N	75.1399993896
pbm-000218	hydroxymethyl hydrogen sulfite	CH4O4S	C(O)OS(=O)O	InChI=1S/CH4O4S/c2-1-5-6(3)4/h2H,1H2,(H,3,4)	NHLPAGMHRLMDJX-UHFFFAOYSA-N	112.1100006104
pbm-000219	hydrogen peroxide	H2O2	OO	InChI=1S/H2O2/c1-2/h1-2H	MHAJPDPJQMAIIY-UHFFFAOYSA-N	34.0149993896
pbm-000220	(2R,3S)-3-Isopropylmalate	C7H12O5	CC(C)C(C(C(=O)O)O)C(=O)O	InChI=1S/C7H12O5/c1-3(2)4(6(9)10)5(8)7(11)12/h3-5,8H,1-2H3,(H,9,10)(H,11,12)	RNQHMTFBUSSBJQ-UHFFFAOYSA-N	176.1699981689
pbm-000221	2-oxoethane-1,1,2-tricarboxylic acid	C5H4O7	C(C(=O)C(=O)O)(C(=O)O)C(=O)O	InChI=1S/C5H4O7/c6-2(5(11)12)1(3(7)8)4(9)10/h1H,(H,7,8)(H,9,10)(H,11,12)	KGKALBIZZBNBKW-UHFFFAOYSA-N	176.0800018311
pbm-000222	3-oxalomalic acid	C6H6O8	C(C(C(=O)O)O)(C(=O)C(=O)O)C(=O)O	InChI=1S/C6H6O8/c7-2(5(11)12)1(4(9)10)3(8)6(13)14/h1-2,7H,(H,9,10)(H,11,12)(H,13,14)	YILAUJBAPQXZGM-UHFFFAOYSA-N	206.1100006104
pbm-000223	ethylenetricarboxylic acid	C5H4O6	C(=C(C(=O)O)C(=O)O)C(=O)O	InChI=1S/C5H4O6/c6-3(7)1-2(4(8)9)5(10)11/h1H,(H,6,7)(H,8,9)(H,10,11)	FPTWDYRUZZWASE-UHFFFAOYSA-N	160.0800018311
pbm-000226	(2r,4r)-azetidine-2,4-dicarboxylic acid-rel-	C5H7NO4	C1C(NC1C(=O)O)C(=O)O	InChI=1S/C5H7NO4/c7-4(8)2-1-3(6-2)5(9)10/h2-3,6H,1H2,(H,7,8)(H,9,10)	JMVIGOFRIJJUAW-UHFFFAOYSA-N	145.1100006104
pbm-000227		C9H11N3O4	N=C1C=CN2C(=N1)OC1C(O)C(CO)OC12	InChI=1S/C9H11N3O4/c10-5-1-2-12-8-7(16-9(12)11-5)6(14)4(3-13)15-8/h1-2,4,6-8,10,13-14H,3H2	BBDAGFIXKZCXAH-UHFFFAOYSA-N	225.074955832
pbm-000228	4-amino-1-[3,4-dihydroxy-5-(hydroxymethyl)oxolan-2-yl]pyrimidine-2-thione	C9H13N3O4S	C1=CN(C(=S)N=C1N)C2C(C(C(O2)CO)O)O	InChI=1S/C9H13N3O4S/c10-5-1-2-12(9(17)11-5)8-7(15)6(14)4(3-13)16-8/h1-2,4,6-8,13-15H,3H2,(H2,10,11,17)	RHFUOMFWUGWKKO-UHFFFAOYSA-N	259.2799987793
pbm-000229	1-[3,4-dihydroxy-5-(hydroxymethyl)tetrahydro-2-furanyl]-4-hydroxy-2(1h)-pyrimidinethione	C9H12N2O5S	C1=CN(C(=S)NC1=O)C2C(C(C(O2)CO)O)O	InChI=1S/C9H12N2O5S/c12-3-4-6(14)7(15)8(16-4)11-2-1-5(13)10-9(11)17/h1-2,4,6-8,12,14-15H,3H2,(H,10,13,17)	GJTBSTBJLVYKAU-UHFFFAOYSA-N	260.2699890137
pbm-000230		C9H10N2O5	O=c1ccn2c(n1)OC1C(O)C(CO)OC12	InChI=1S/C9H10N2O5/c12-3-4-6(14)7-8(15-4)11-2-1-5(13)10-9(11)16-7/h1-2,4,6-8,12,14H,3H2	UUGITDASWNOAGG-UHFFFAOYSA-N	226.05897142
pbm-000231		C10H11N5O4	Nc1ncnc2c1nc1n2C2OC(CO)C(O)C2O1	InChI=1S/C10H11N5O4/c11-7-4-8(13-2-12-7)15-9-6(19-10(15)14-4)5(17)3(1-16)18-9/h2-3,5-6,9,16-17H,1H2,(H2,11,12,13)	MQMVTEZRMYGLFD-UHFFFAOYSA-N	265.081103832
pbm-000232		C10H13N5O4	NC1=NC=NC2N=C3OC4C(O)C(CO)OC4N3C12	InChI=1S/C10H13N5O4/c11-7-4-8(13-2-12-7)14-10-15(4)9-6(19-10)5(17)3(1-16)18-9/h2-6,8-9,16-17H,1H2,(H2,11,12,13)	ZWNNBKUGZIJMNT-UHFFFAOYSA-N	267.096753896
pbm-000233	6-amino-9-[4-hydroxy-5-(hydroxymethyl)oxolan-2-yl]-7h-purine-8-thione	C10H13N5O3S	C1C(C(OC1N2C3=NC=NC(=C3NC2=S)N)CO)O	InChI=1S/C10H13N5O3S/c11-8-7-9(13-3-12-8)15(10(19)14-7)6-1-4(17)5(2-16)18-6/h3-6,16-17H,1-2H2,(H,14,19)(H2,11,12,13)	HPCFWPYIEBKPPY-UHFFFAOYSA-N	283.3099975586
pbm-000234	deoxyadenosine	C10H13N5O3	C1C(C(OC1N2C=NC3=C(N=CN=C32)N)CO)O	InChI=1S/C10H13N5O3/c11-9-8-10(13-3-12-9)15(4-14-8)7-1-5(17)6(2-16)18-7/h3-7,16-17H,1-2H2,(H2,11,12,13)	OLXZPDWKRNYJJZ-UHFFFAOYSA-N	251.2400054932
pbm-000235	Pyruvate	C3H4O3	CC(=O)C(=O)O	InChI=1S/C3H4O3/c1-2(4)3(5)6/h1H3,(H,5,6)	LCTONWCANYUPML-UHFFFAOYSA-N	88.0599975586
pbm-000236	Glyoxylate	C2H2O3	C(=O)C(=O)O	InChI=1S/C2H2O3/c3-1-2(4)5/h1H,(H,4,5)	HHLFWLYXYJOTON-UHFFFAOYSA-N	74.0400009155
pbm-000247	Orthophosphate	H3O4P	OP(=O)(O)O	InChI=1S/H3O4P/c1-5(2,3)4/h(H3,1,2,3,4)	NBIIXXVUZAFLBC-UHFFFAOYSA-N	97.9950027466
pbm-000346	Sulfite	H2O3S	OS(=O)O	InChI=1S/H2O3S/c1-4(2)3/h(H2,1,2,3)	LSNNMFCWUKXFEE-UHFFFAOYSA-N	82.0800018311
pbm-000379	Nickel(2+)	Ni+2	[Ni+2]	InChI=1S/Ni/q+2	VEQPNABPJHWNSG-UHFFFAOYSA-N	58.6930007935
pbm-000541	oxalic acid	C2H2O4	C(=O)(C(=O)O)O	InChI=1S/C2H2O4/c3-1(4)2(5)6/h(H,3,4)(H,5,6)	MUBZPKHOEPUJKR-UHFFFAOYSA-N	90.0299987793
pbm-000542	carbonic acid	CH2O3	C(=O)(O)O	InChI=1S/CH2O3/c2-1(3)4/h(H2,2,3,4)	BVKZGUZCCUSVTD-UHFFFAOYSA-N	62.0250015259
pbm-000543	hydroxymethanesulfonic acid	CH4O4S	C(O)S(=O)(=O)O	InChI=1S/CH4O4S/c2-1-6(3,4)5/h2H,1H2,(H,3,4,5)	DETXZQGDWUJKMO-UHFFFAOYSA-N	112.1100006104
pbm-000544	2,2-dihydroxyacetic acid	C2H4O4	C(C(=O)O)(O)O	InChI=1S/C2H4O4/c3-1(4)2(5)6/h1,3-4H,(H,5,6)	GOCCREQJUBABAL-UHFFFAOYSA-N	92.0500030518
pbm-000545	3-oxopropanoic acid	C3H4O3	C(C=O)C(=O)O	InChI=1S/C3H4O3/c4-2-1-3(5)6/h2H,1H2,(H,5,6)	OAKURXIZZOAYBC-UHFFFAOYSA-N	88.0599975586
pbm-000546	3-hydroxypropionic acid	C3H6O3	C(CO)C(=O)O	InChI=1S/C3H6O3/c4-2-1-3(5)6/h4H,1-2H2,(H,5,6)	ALRHLSYJTWAHJZ-UHFFFAOYSA-N	90.0800018311
pbm-000547	dl-alaninol	C3H9NO	CC(CO)N	InChI=1S/C3H9NO/c1-3(4)2-5/h3,5H,2,4H2,1H3	BKMMTJMQCTUHRP-UHFFFAOYSA-N	75.1100006104
pbm-000549	n-methylene glycine	C3H5NO2	C=NCC(=O)O	InChI=1S/C3H5NO2/c1-4-2-3(5)6/h1-2H2,(H,5,6)	NKVHYKQGZIHDBJ-UHFFFAOYSA-N	87.0800018311
pbm-000550	(methylimino)acetic acid	C3H5NO2	CN=CC(=O)O	InChI=1S/C3H5NO2/c1-4-2-3(5)6/h2H,1H3,(H,5,6)	SEXCGGHGAGDKHP-UHFFFAOYSA-N	87.0800018311
pbm-000551	propionic acid	C3H6O2	CCC(=O)O	InChI=1S/C3H6O2/c1-2-3(4)5/h2H2,1H3,(H,4,5)	XBDQKXXYIPTUBI-UHFFFAOYSA-N	74.0800018311
pbm-000553	aminohydroxyacetic acid	C2H5NO3	C(C(=O)O)(N)O	InChI=1S/C2H5NO3/c3-1(4)2(5)6/h1,4H,3H2,(H,5,6)	ZHWLPDIRXJCEJY-UHFFFAOYSA-N	91.0699996948
pbm-000554	sulfuric acid	H2O4S	OS(=O)(=O)O	InChI=1S/H2O4S/c1-5(2,3)4/h(H2,1,2,3,4)	QAOWNCQODCNURD-UHFFFAOYSA-N	98.0800018311
pbm-000555	pentofuranose	C5H10O5	C(C1C(C(C(O1)O)O)O)O	InChI=1S/C5H10O5/c6-1-2-3(7)4(8)5(9)10-2/h2-9H,1H2	HMFHBZSHGGEWLO-UHFFFAOYSA-N	150.1300048828
pbm-000556			OB(O)(O)O	InChI=1S/BH4O4/c2-1(3,4)5/h2-5H	QKOJVQLSIREBQY-UHFFFAOYSA-N	
pbm-000557			NC(=O)NC1OC(CP(=O)(O)O)C2OB(O)(O)OC12	InChI=1S/C6H13BN2O9P/c8-6(10)9-5-4-3(17-7(11,12)18-4)2(16-5)1-19(13,14)15/h2-5,11-12H,1H2,(H3,8,9,10)(H2,13,14,15)	RCJJGGHLFPWUQN-UHFFFAOYSA-N	
pbm-000558		C5H12NO6P	NC1OC(CP(=O)(O)O)C(O)C1O	InChI=1S/C5H12NO6P/c6-5-4(8)3(7)2(12-5)1-13(9,10)11/h2-5,7-8H,1,6H2,(H2,9,10,11)	HCROIWSHGUSWBO-UHFFFAOYSA-N	213.040223734
pbm-000559			N=C1CC=N2C(=N1)OC1C(O)C(CO)OC12	InChI=1S/C9H12N3O4/c10-5-1-2-12-8-7(16-9(12)11-5)6(14)4(3-13)15-8/h2,4,6-8,10,13-14H,1,3H2	WJFFLUUSBQQDSY-UHFFFAOYSA-N	
pbm-000560	imidodisulfuric acid, hydroxy-	H3NO7S2	N(O)(S(=O)(=O)O)S(=O)(=O)O	InChI=1S/H3NO7S2/c2-1(9(3,4)5)10(6,7)8/h2H,(H,3,4,5)(H,6,7,8)	MNWRMTPYEUYRSI-UHFFFAOYSA-N	193.1600036621
pbm-000561	sulfosulfamic acid	H3NO6S2	N(S(=O)(=O)O)S(=O)(=O)O	InChI=1S/H3NO6S2/c2-8(3,4)1-9(5,6)7/h1H,(H,2,3,4)(H,5,6,7)	VKHQYTLHHOQKSC-UHFFFAOYSA-N	177.1600036621
pbm-000562		C3H7NO7S2	CC=CON(S(=O)(=O)O)S(=O)(=O)O	InChI=1S/C3H7NO7S2/c1-2-3-11-4(12(5,6)7)13(8,9)10/h2-3H,1H3,(H,5,6,7)(H,8,9,10)	SZKLYPQFLWROPD-UHFFFAOYSA-N	232.96639356400001
pbm-000563	hydroxyurea	CH4N2O2	C(=O)(N)NO	InChI=1S/CH4N2O2/c2-1(4)3-5/h5H,(H3,2,3,4)	VSNHCAURESNICA-UHFFFAOYSA-N	76.0550003052
pbm-000564	3-amino-4,5-dihydroisoxazole	C3H6N2O	C1CON=C1N	InChI=1S/C3H6N2O/c4-3-1-2-6-5-3/h1-2H2,(H2,4,5)	XPZOKPQZEPSMFC-UHFFFAOYSA-N	86.0899963379
pbm-000565		C4H7N3O2	NC(=O)NC1=NOCC1	InChI=1S/C4H7N3O2/c5-4(8)6-3-1-2-9-7-3/h1-2H2,(H3,5,6,7,8)	PHZBIWZDSOYFBS-UHFFFAOYSA-N	129.053826464
pbm-000566		C9H15N3O6	O=C(NC1=NOCC1)NC1OC(CO)C(O)C1O	InChI=1S/C9H15N3O6/c13-3-4-6(14)7(15)8(18-4)11-9(16)10-5-1-2-17-12-5/h4,6-8,13-15H,1-3H2,(H2,10,11,12,16)	GJGRAPUJPBCNHA-UHFFFAOYSA-N	261.0960852
pbm-000567	1-beta-d-arabinofuranosylcytosine	C9H13N3O5	C1=CN(C(=O)N=C1N)C2C(C(C(O2)CO)O)O	InChI=1S/C9H13N3O5/c10-5-1-2-12(9(16)11-5)8-7(15)6(14)4(3-13)17-8/h1-2,4,6-8,13-15H,3H2,(H2,10,11,16)	UHDGCWIWMRVCDJ-UHFFFAOYSA-N	243.2200012207
pbm-000568	arabinofuranosyluracil	C9H12N2O6	C1=CN(C(=O)NC1=O)C2C(C(C(O2)CO)O)O	InChI=1S/C9H12N2O6/c12-3-4-6(14)7(15)8(17-4)11-2-1-5(13)10-9(11)16/h1-2,4,6-8,12,14-15H,3H2,(H,10,13,16)	DRTQHJPVMGBUCF-UHFFFAOYSA-N	244.1999969482
pbm-000569	malononitrile	C3H2N2	C(C#N)C#N	InChI=1S/C3H2N2/c4-2-1-3-5/h1H2	CUONGYYJJVDODC-UHFFFAOYSA-N	66.0599975586
pbm-000570	2-hydroxyiminopropanedinitrile	C3HN3O	C(#N)C(=NO)C#N	InChI=1S/C3HN3O/c4-1-3(2-5)6-7/h7H	IQDSOHXLWXMDPM-UHFFFAOYSA-N	95.0599975586
pbm-000571	acetamidine	C2H6N2	CC(=N)N	InChI=1S/C2H6N2/c1-2(3)4/h1H3,(H3,3,4)	OQLZINXFSUDMHM-UHFFFAOYSA-N	58.0800018311
pbm-000572	4,6-pyrimidinediamine, 5-nitroso-	C4H5N5O	C1=NC(=C(C(=N1)N)N=O)N	InChI=1S/C4H5N5O/c5-3-2(9-10)4(6)8-1-7-3/h1H,(H4,5,6,7,8)	XOUCPTSENBHIRW-UHFFFAOYSA-N	139.1199951172
pbm-000573	n-(4,6-diaminopyrimidin-5-yl)formamide	C5H7N5O	C1=NC(=C(C(=N1)N)NC=O)N	InChI=1S/C5H7N5O/c6-4-3(10-2-11)5(7)9-1-8-4/h1-2H,(H,10,11)(H4,6,7,8,9)	MVYUVUOSXNYQLL-UHFFFAOYSA-N	153.1399993896
pbm-000574		C10H15N5O5	NC1=NC=NC(NC2OC(CO)C(O)C2O)=C1NC=O	InChI=1S/C10H15N5O5/c11-8-5(14-3-17)9(13-2-12-8)15-10-7(19)6(18)4(1-16)20-10/h2-4,6-7,10,16,18-19H,1H2,(H,14,17)(H3,11,12,13,15)	RCBWCQPTXJWWKO-UHFFFAOYSA-N	285.10731858
pbm-000575	2-(6-aminopurin-9-yl)-5-(hydroxymethyl)oxolane-3,4-diol	C10H13N5O4	C1=NC(=C2C(=N1)N(C=N2)C3C(C(C(O3)CO)O)O)N	InChI=1S/C10H13N5O4/c11-8-5-9(13-2-12-8)15(3-14-5)10-7(18)6(17)4(1-16)19-10/h2-4,6-7,10,16-18H,1H2,(H2,11,12,13)	OIRDTQYFTABQOQ-UHFFFAOYSA-N	267.2399902344
pbm-000576		C5H3NO	C#CC(C#C)=NO	InChI=1S/C5H3NO/c1-3-5(4-2)6-7/h1-2,7H	UZJYNDHAEHDLTO-UHFFFAOYSA-N	93.021463716
pbm-000577	methyl thioacetimidate	C3H7NS	CC(=N)SC	InChI=1S/C3H7NS/c1-3(4)5-2/h4H,1-2H3	YYKXMTXALJYVCN-UHFFFAOYSA-N	89.1600036621
pbm-000578	4,6-pyrimidinediamine, 2-(methylthio)-5-nitroso-	C5H7N5OS	CSC1=NC(=C(C(=N1)N)N=O)N	InChI=1S/C5H7N5OS/c1-12-5-8-3(6)2(10-11)4(7)9-5/h1H3,(H4,6,7,8,9)	QHDIORZOMVHNGS-UHFFFAOYSA-N	185.2100067139
pbm-000579	2,4-diamino-5-(formylamino)-6-hydroxypyrimidine	C5H7N5O2	C(=O)NC1=C(N=C(NC1=O)N)N	InChI=1S/C5H7N5O2/c6-3-2(8-1-11)4(12)10-5(7)9-3/h1H,(H,8,11)(H5,6,7,9,10,12)	RUHWEHKVKUSJAF-UHFFFAOYSA-N	169.1399993896
pbm-000580		C10H15N5O6	NC1=NC(NC2OC(CO)C(O)C2O)=C(NC=O)C(O)=N1	InChI=1S/C10H15N5O6/c11-10-14-7(4(12-2-17)8(20)15-10)13-9-6(19)5(18)3(1-16)21-9/h2-3,5-6,9,16,18-19H,1H2,(H,12,17)(H4,11,13,14,15,20)	NTNMANCVCSOPKU-UHFFFAOYSA-N	301.10223320000006
pbm-000581	guanine, 9-beta-d-xylofuranosyl-	C10H13N5O5	C1=NC2=C(N1C3C(C(C(O3)CO)O)O)N=C(NC2=O)N	InChI=1S/C10H13N5O5/c11-10-13-7-4(8(19)14-10)12-2-15(7)9-6(18)5(17)3(1-16)20-9/h2-3,5-6,9,16-18H,1H2,(H3,11,13,14,19)	NYHBQMYGNKIUIF-UHFFFAOYSA-N	283.2399902344
pbm-000582	beta-aminoacrylonitrile	C3H4N2	C(=CN)C#N	InChI=1S/C3H4N2/c4-2-1-3-5/h1-2H,4H2	RORTUEWWZUJHTM-UHFFFAOYSA-N	68.0800018311
pbm-000583	glycerol 1,2-cyclic phosphate	C3H7O5P	C1C(OP(=O)(O1)O)CO	InChI=1S/C3H7O5P/c4-1-3-2-7-9(5,6)8-3/h3-4H,1-2H2,(H,5,6)	PXLGNXWMKNZOAA-UHFFFAOYSA-N	154.0599975586
pbm-000584	glycerophosphoric acid	C3H9O6P	C(C(COP(=O)(O)O)O)O	InChI=1S/C3H9O6P/c4-1-3(5)2-9-10(6,7)8/h3-5H,1-2H2,(H2,6,7,8)	AWUCVROLDVIAJX-UHFFFAOYSA-N	172.0700073242
pbm-000585	beta-glycerophosphoric acid	C3H9O6P	C(C(CO)OP(=O)(O)O)O	InChI=1S/C3H9O6P/c4-1-3(2-5)9-10(6,7)8/h3-5H,1-2H2,(H2,6,7,8)	DHCLVCXQIBBOPH-UHFFFAOYSA-N	172.0700073242
pbm-000586		C3H6N2O2	N#CNC(O)CO	InChI=1S/C3H6N2O2/c4-2-5-3(7)1-6/h3,5-7H,1H2	HUZZWAMRBDLLDG-UHFFFAOYSA-N	102.042927432
pbm-000587	1h-imidazol-2-amine	C3H5N3	C1=CN=C(N1)N	InChI=1S/C3H5N3/c4-3-5-1-2-6-3/h1-2H,(H3,4,5,6)	DEPDDPLQZYCHOH-UHFFFAOYSA-N	83.0899963379
