source_doi	source_title	source_authors	journal	year
10.1002/ange.200601267	Direct Assembly of Nucleoside Precursors from Two‐ and Three‐Carbon Units	Anastasi C,Crowe M,Powner M,Sutherland J	Angewandte Chemie	2006
10.1002/kin.10045	Spectroscopy of hydrothermal reactions, 19: pH and salt dependence of decarboxylation of α‐alanine at 280–330°C in an FT‐IR spectroscopy flow reactor	Li J,Wang X,Klein M,Brill T	International Journal of Chemical Kinetics	2002
10.1007/BF01581577	The stability of amino acids at submarine hydrothermal vent temperatures	Bada J,Miller S,Zhao M	Origins of Life and Evolution of the Biosphere	1995
10.1007/s11084-008-9153-2	The Role of Submarine Hydrothermal Systems in the Synthesis of Amino Acids	Aubrey A,Cleaves H,Bada J	Origins of Life and Evolution of Biospheres	2008
10.1016/0012-821X(78)90042-0	Decomposition of hydroxy amino acids in foraminiferal tests; kinetics, mechanism and geochronological implications	Bada J,Shou M,Man E,Schroeder R	Earth and Planetary Science Letters	1978
10.1016/0016-7037(64)90089-4	Thermal reaction kinetics of the glutamic acid-pyroglutamic acid system in water	Povoledo D,Vallentyne J	Geochimica et Cosmochimica Acta	1964
10.1016/0016-7037(64)90147-4	Biogeochemistry of organic matter—II Thermal reaction kinetics and transformation products of amino compounds	Vallentyne J	Geochimica et Cosmochimica Acta	1964
10.1016/0016-7037(93)90540-D	Kinetics of peptide hydrolysis and amino acid decomposition at high temperature	Qian Y,Engel M,Macko S,Carpenter S,Deming J	Geochimica et Cosmochimica Acta	1993
10.1016/S0016-7037(03)00136-4	Experimental constraints on the hydrothermal reactivity of organic acids and acid anions: I. Formic acid and formate	McCollom T,Seewald J	Geochimica et Cosmochimica Acta	2003
10.1016/j.gca.2012.11.008	The influence of minerals on decomposition of the n-alkyl-α-amino acid norvaline under hydrothermal conditions	McCollom T	Geochimica et Cosmochimica Acta	2013
10.1016/j.gca.2014.02.043	The effects of temperature, pH and redox state on the stability of glutamic acid in hydrothermal fluids	Lee N,Foustoukos D,Sverjensky D,Cody G,Hazen R	Geochimica et Cosmochimica Acta	2014
10.1016/j.supflu.2007.04.008	Hydrothermal reactions of alanine and glycine in sub- and supercritical water	Klingler D,Berg J,Vogel H	The Journal of Supercritical Fluids	2007
10.1038/nature08013	Synthesis of activated pyrimidine ribonucleotides in prebiotically plausible conditions	Powner M,Gerland B,Sutherland J	Nature	2009
10.1038/nchem.2002	A spontaneously blinking fluorophore based on intramolecular spirocyclization for live-cell super-resolution imaging	Uno S,Kamiya M,Yoshihara T,Sugawara K,Okabe K,Tarhan M,Fujita H,Funatsu T,Okada Y,Tobita S,Urano Y	Nature Chemistry	2014
10.1038/nchem.2202	Common origins of RNA, protein and lipid precursors in a cyanosulfidic protometabolism	Patel B,Percivalle C,Ritson D,Duffy C,Sutherland J	Nature Chemistry	2015
10.1038/nchem.2664	A prebiotically plausible synthesis of pyrimidine β-ribonucleosides and their phosphate derivatives involving photoanomerization	Xu J,Tsanakopoulou M,Magnani C,Szabla R,Šponer J,Šponer J,Góra R,Sutherland J	Nature Chemistry	2016
10.1038/s41467-017-02591-0	Linked cycles of oxidative decarboxylation of glyoxylate as protometabolic analogs of the citric acid cycle	Springsteen G,Yerabolu J,Nelson J,Rhea C,Krishnamurthy R	Nature Communications	2018
10.1038/s41467-017-02639-1	Wet-dry cycles enable the parallel origin of canonical and non-canonical nucleosides by continuous synthesis	Becker S,Schneider C,Okamura H,Crisp A,Amatov T,Dejmek M,Carell T	Nature Communications	2018
10.1038/s41467-018-04147-2	Mimicking the surface and prebiotic chemistry of early Earth using flow chemistry	Ritson D,Battilocchio C,Ley S,Sutherland J	Nature Communications	2018
10.1038/s41557-021-00789-w	Prebiotic photoredox synthesis from carbon dioxide and sulfite	Liu Z,Wu L,Kufner C,Sasselov D,Fischer W,Sutherland J	Nature Chemistry	2021
10.1038/s41559-020-1125-6	A hydrogen-dependent geochemical analogue of primordial carbon and energy metabolism	Preiner M,Igarashi K,Muchowska K,Yu M,Varma S,Kleinermanns K,Nobu M,Kamagata Y,Tüysüz H,Moran J,Martin W	Nature Ecology &amp; Evolution	2020
10.1038/s41586-019-1151-1	Synthesis and breakdown of universal metabolic precursors promoted by iron	Muchowska K,Varma S,Moran J	Nature	2019
10.1038/s41586-020-2330-9	Selective prebiotic formation of RNA pyrimidine and DNA purine nucleosides	Xu J,Chmela V,Green N,Russell D,Janicki M,Góra R,Szabla R,Bond A,Sutherland J	Nature	2020
10.1038/s41598-022-15753-y	Borate-guided ribose phosphorylation for prebiotic nucleotide synthesis	Hirakawa Y,Kakegawa T,Furukawa Y	Scientific Reports	2022
10.1055/s-0036-1588657	A Plausible Prebiotic Origin of Glyoxylate: Nonenzymatic Transamination Reactions of Glycine with Formaldehyde	Krishnamurthy R,Liotta C,Mohammed F,Chen K,Mojica M,Conley M,Napoline J,Butch C,Pollet P	Synlett	2016
10.1055/s-1976-24127	An Improved Synthesis of 2-Amino-1,3-oxazoles under Basic Catalysis	COCKERILL A,DEACON A,HARRISON R,OSBORNE D,PRIME D,ROSS W,TODD A,VERGE J	Synthesis	1976
10.1073/pnas.1922139117	A continuous reaction network that produces RNA precursors	Yi R,Tran Q,Ali S,Yoda I,Adam Z,Cleaves H,Fahrenbach A	Proceedings of the National Academy of Sciences	2020
10.1089/ast.2005.5.749	Abiotic Synthesis of Organic Compounds from Carbon Disulfide Under Hydrothermal Conditions	Rushdi A,Simoneit B	Astrobiology	2005
10.1126/sciadv.aav7848	Metals likely promoted protometabolism in early ocean alkaline hydrothermal systems	Kitadai N,Nakamura R,Yamamoto M,Takai K,Yoshida N,Oono Y	Science Advances	2019
10.1126/sciadv.abh3981	A cyanosulfidic origin of the Krebs cycle	Ritson D	Science Advances	2021
10.1126/science.aax2747	Unified prebiotically plausible synthesis of pyrimidine and purine RNA ribonucleotides	Becker S,Feldmann J,Wiedemann S,Okamura H,Schneider C,Iwan K,Crisp A,Rossa M,Amatov T,Carell T	Science	2019
10.1186/1467-4866-9-5	Abiotic ammonium formation in the presence of Ni-Fe metals and alloys and its implications for the Hadean nitrogen cycle	Smirnov A,Hausner D,Laffers R,Strongin D,Schoonen M	Geochemical Transactions	2008
10.1246/bcsj.76.1171	Reaction of Amino Acids in a Supercritical Water-Flow Reactor Simulating Submarine Hydrothermal Systems	Islam M,Kaneko T,Kobayashi K	Bulletin of the Chemical Society of Japan	2003
10.1246/cl.1997.1053	Stability of Amino Acids in Simulated Hydrothermal Vent Environments	Kohara M,Gamo T,Yanagawa H,Kobayashi K	Chemistry Letters	1997
