normalized_equation	kept_source	kept_id	duplicate_source	duplicate_id	duplicate_file	duplicate_line	duplicate_equation
1 hnu + 1 so21->1 so23	photolysis	EAPH028	photolysis	EAPH030	reference_reactions/EARTH_LIKE/earth_like_hadean_photolysis_selected.txt	33	SO21 + hnu -> SO23
1 hnu + 1 so21->1 so2	photolysis	EAPH029	photolysis	EAPH031	reference_reactions/EARTH_LIKE/earth_like_hadean_photolysis_selected.txt	34	SO21 + hnu -> SO2
1 hnu + 1 so23->1 so2	photolysis	EAPH032	photolysis	EAPH033	reference_reactions/EARTH_LIKE/earth_like_hadean_photolysis_selected.txt	36	SO23 + hnu -> SO2
1 ch4 + 1 hnu->1 ch3 + 1 h	photolysis	EAPH039	volcanic_rock	VR018	reference_reactions/VOLCANIC_ROCK_ENV/volcanic_rock_reaction_network_v1.txt	51	CH4 + hnu -> CH3 + H
1 h2co + 1 hnu->1 h + 1 hco	photolysis	EAPH010	volcanic_rock	VR024	reference_reactions/VOLCANIC_ROCK_ENV/volcanic_rock_reaction_network_v1.txt	57	H2CO + hnu -> HCO + H
1 phosphate + 1 thioacetate->1 acetyl_phosphate + 1 hs-	volcanic_rock	VR053	volcanic_rock	VR107	reference_reactions/VOLCANIC_ROCK_ENV/volcanic_rock_reaction_network_v1.txt	140	thioacetate + phosphate -> acetyl_phosphate + HS-
1 acetyl_phosphate + 1 h2o->1 acetate + 1 phosphate	volcanic_rock	VR054	volcanic_rock	VR112	reference_reactions/VOLCANIC_ROCK_ENV/volcanic_rock_reaction_network_v1.txt	145	acetyl_phosphate + H2O -> acetate + phosphate
1 nucleoside + 1 phosphate->1 h2o + 1 nucleotide	volcanic_rock	VR110	volcanic_rock	VR124	reference_reactions/VOLCANIC_ROCK_ENV/volcanic_rock_reaction_network_v1.txt	157	nucleoside + phosphate -> nucleotide + H2O
1 h2o + 1 hcn->1 formamide	volcanic_rock	VR078	volcanic_rock	VR156	reference_reactions/VOLCANIC_ROCK_ENV/volcanic_rock_reaction_network_v1.txt	189	HCN + H2O -> formamide
1 aminoacetonitrile + 2 h2o->1 glycine + 1 nh3	volcanic_rock	VR097	volcanic_rock	VR164	reference_reactions/VOLCANIC_ROCK_ENV/volcanic_rock_reaction_network_v1.txt	197	aminoacetonitrile + 2 H2O -> glycine + NH3
1 h2co + 1 hcn->1 glycolonitrile	volcanic_rock	VR162	prebiotic_literature	PBV1-001	reference_reactions/PREBIOTIC/prebiotic_cyanosulfidic_literature_network_v1.txt	5	H2CO + HCN -> glycolonitrile
1 hcn + 1 hcn->1 iminoacetonitrile	volcanic_rock	VR072	prebiotic_literature	PBV1-021	reference_reactions/PREBIOTIC/prebiotic_cyanosulfidic_literature_network_v1.txt	25	HCN + HCN -> iminoacetonitrile
1 hcn + 1 iminoacetonitrile->1 aminomalononitrile	volcanic_rock	VR073	prebiotic_literature	PBV1-022	reference_reactions/PREBIOTIC/prebiotic_cyanosulfidic_literature_network_v1.txt	26	iminoacetonitrile + HCN -> aminomalononitrile
1 aminomalononitrile + 1 hcn->1 diaminomaleonitrile	volcanic_rock	VR074	prebiotic_literature	PBV1-023	reference_reactions/PREBIOTIC/prebiotic_cyanosulfidic_literature_network_v1.txt	27	aminomalononitrile + HCN -> diaminomaleonitrile
1 diaminomaleonitrile + 1 hnu->1 diaminofumaronitrile	volcanic_rock	VR075	prebiotic_literature	PBV1-024	reference_reactions/PREBIOTIC/prebiotic_cyanosulfidic_literature_network_v1.txt	28	diaminomaleonitrile + hnu -> diaminofumaronitrile
1 diaminomaleonitrile + 1 hcn->1 aminoimidazole_carbonitrile	volcanic_rock	VR076	prebiotic_literature	PBV1-025	reference_reactions/PREBIOTIC/prebiotic_cyanosulfidic_literature_network_v1.txt	29	diaminomaleonitrile + HCN -> aminoimidazole_carbonitrile
1 h2o + 1 hcn->1 formamide	volcanic_rock	VR078	prebiotic_chemorigins	pbr-000030	reference_reactions/PREBIOTIC/prebiotic_chemorigins_supplement_v1.txt	5	H2O + hydrogen cyanide -> formamide
1 h2co + 1 hcn->1 glycolonitrile	volcanic_rock	VR162	prebiotic_chemorigins	pbr-000032	reference_reactions/PREBIOTIC/prebiotic_chemorigins_supplement_v1.txt	7	hydrogen cyanide + Formaldehyde -> glycolonitrile
1 glycolonitrile + 1 h2o->1 glycolaldehyde + 1 nh3	prebiotic_literature	PBV1-002	prebiotic_chemorigins	pbr-000034	reference_reactions/PREBIOTIC/prebiotic_chemorigins_supplement_v1.txt	9	H2O + glycolonitrile -> Ammonia + Glycolaldehyde
1 acetaldehyde + 1 hcn->1 lactonitrile	prebiotic_literature	PBV1-008	prebiotic_chemorigins	pbr-000038	reference_reactions/PREBIOTIC/prebiotic_chemorigins_supplement_v1.txt	13	hydrogen cyanide + Acetaldehyde -> lactonitrile
1 3-aminopropanenitrile + 1 cyanamide->1 2-(2-cyanoethyl)guanidine	prebiotic_literature	PBV1-010	prebiotic_chemorigins	pbr-000064	reference_reactions/PREBIOTIC/prebiotic_chemorigins_supplement_v1.txt	32	cyanamide + 3-aminopropanenitrile -> 2-(2-cyanoethyl)guanidine
1 2-amino-4-methylpentanenitrile + 1 h2o->1 l-valine + 1 nh3	prebiotic_literature	PBV1-018	prebiotic_chemorigins	pbr-000091	reference_reactions/PREBIOTIC/prebiotic_chemorigins_supplement_v1.txt	53	H2O + 2-amino-4-methylpentanenitrile -> Ammonia + L-Valine
1 glycolic acid->1 acetate + 1 h2o	prebiotic_chemorigins	pbr-000112	prebiotic_chemorigins	pbr-000202	reference_reactions/PREBIOTIC/prebiotic_chemorigins_supplement_v1.txt	105	glycolic acid -> H2O + Acetate
1 2-(2-cyanoethyl)guanidine->1 4-hydroxy-2-imino-hexahydropyrimidine	prebiotic_literature	PBV1-011	prebiotic_chemorigins	pbr-000701	reference_reactions/PREBIOTIC/prebiotic_chemorigins_supplement_v1.txt	194	2-(2-cyanoethyl)guanidine -> 4-hydroxy-2-imino-hexahydropyrimidine
1 h2co + 1 hcn->1 glycolonitrile	volcanic_rock	VR162	volcanic_rock_chemorigins	pbr-000032	reference_reactions/VOLCANIC_ROCK_ENV/volcanic_rock_chemorigins_supplement_v1.txt	31	hydrogen cyanide + Formaldehyde -> glycolonitrile
1 glycolonitrile + 1 h2o->1 glycolaldehyde + 1 nh3	prebiotic_literature	PBV1-002	volcanic_rock_chemorigins	pbr-000034	reference_reactions/VOLCANIC_ROCK_ENV/volcanic_rock_chemorigins_supplement_v1.txt	32	H2O + glycolonitrile -> Ammonia + Glycolaldehyde
1 cyanamide + 1 glycolaldehyde->1 1,3-oxazol-2-amine	prebiotic_chemorigins	pbr-000043	volcanic_rock_chemorigins	pbr-000043	reference_reactions/VOLCANIC_ROCK_ENV/volcanic_rock_chemorigins_supplement_v1.txt	33	Glycolaldehyde + cyanamide -> 1,3-oxazol-2-amine
1 1,3-oxazol-2-amine + 1 glyceraldehyde->1 5-(hydroxymethyl)-2-iminohexahydrofuro(2,3-d)(1,3)oxazol-6-ol	prebiotic_chemorigins	pbr-000044	volcanic_rock_chemorigins	pbr-000044	reference_reactions/VOLCANIC_ROCK_ENV/volcanic_rock_chemorigins_supplement_v1.txt	34	glyceraldehyde + 1,3-oxazol-2-amine -> 5-(hydroxymethyl)-2-iminohexahydrofuro(2,3-d)(1,3)oxazol-6-ol
1 5-(hydroxymethyl)-2-iminohexahydrofuro(2,3-d)(1,3)oxazol-6-ol + 1 cyanoacetylene->1 pbm-000052	prebiotic_chemorigins	pbr-000046	volcanic_rock_chemorigins	pbr-000046	reference_reactions/VOLCANIC_ROCK_ENV/volcanic_rock_chemorigins_supplement_v1.txt	35	cyanoacetylene + 5-(hydroxymethyl)-2-iminohexahydrofuro(2,3-d)(1,3)oxazol-6-ol -> pbm-000052
1 glyceraldehyde->1 dihydroxyacetone	prebiotic_chemorigins	pbr-000049	volcanic_rock_chemorigins	pbr-000049	reference_reactions/VOLCANIC_ROCK_ENV/volcanic_rock_chemorigins_supplement_v1.txt	36	glyceraldehyde -> dihydroxyacetone
1 glycolaldehyde + 1 nh3->1 1,3-oxazol-2-amine	prebiotic_chemorigins	pbr-000264	volcanic_rock_chemorigins	pbr-000264	reference_reactions/VOLCANIC_ROCK_ENV/volcanic_rock_chemorigins_supplement_v1.txt	40	Ammonia + Glycolaldehyde -> 1,3-oxazol-2-amine
1 glycolaldehyde + 1 h2co + 1 h2o + 1 nh3->1 dihydroxyacetone	prebiotic_chemorigins	pbr-000265	volcanic_rock_chemorigins	pbr-000265	reference_reactions/VOLCANIC_ROCK_ENV/volcanic_rock_chemorigins_supplement_v1.txt	41	H2O + Ammonia + Formaldehyde + Glycolaldehyde -> dihydroxyacetone
1 hydroxymethyl hydrogen sulfite + 1 nh3->1 1,3-oxazol-2-amine	prebiotic_chemorigins	pbr-000266	volcanic_rock_chemorigins	pbr-000266	reference_reactions/VOLCANIC_ROCK_ENV/volcanic_rock_chemorigins_supplement_v1.txt	42	Ammonia + hydroxymethyl hydrogen sulfite -> 1,3-oxazol-2-amine
1 cyanamide + 1 hydroxymethyl hydrogen sulfite->1 1,3-oxazol-2-amine	prebiotic_chemorigins	pbr-000267	volcanic_rock_chemorigins	pbr-000267	reference_reactions/VOLCANIC_ROCK_ENV/volcanic_rock_chemorigins_supplement_v1.txt	43	cyanamide + hydroxymethyl hydrogen sulfite -> 1,3-oxazol-2-amine
1 h2co + 1 h2o + 1 hydroxymethyl hydrogen sulfite + 1 nh3->1 dihydroxyacetone	prebiotic_chemorigins	pbr-000268	volcanic_rock_chemorigins	pbr-000268	reference_reactions/VOLCANIC_ROCK_ENV/volcanic_rock_chemorigins_supplement_v1.txt	44	H2O + Ammonia + Formaldehyde + hydroxymethyl hydrogen sulfite -> dihydroxyacetone
1 cyanamide + 1 glycolaldehyde + 1 sulfite->1 1,3-oxazol-2-amine	prebiotic_chemorigins	pbr-000269	volcanic_rock_chemorigins	pbr-000269	reference_reactions/VOLCANIC_ROCK_ENV/volcanic_rock_chemorigins_supplement_v1.txt	45	cyanamide + Sulfite + Glycolaldehyde -> 1,3-oxazol-2-amine
1 h2s + 1 pbm-000227->1 4-amino-1-[3,4-dihydroxy-5-(hydroxymethyl)oxolan-2-yl]pyrimidine-2-thione	prebiotic_chemorigins	pbr-000306	volcanic_rock_chemorigins	pbr-000306	reference_reactions/VOLCANIC_ROCK_ENV/volcanic_rock_chemorigins_supplement_v1.txt	47	hydrogen sulfide + pbm-000227 -> 4-amino-1-[3,4-dihydroxy-5-(hydroxymethyl)oxolan-2-yl]pyrimidine-2-thione
1 6-amino-9h-purine-8-thiol + 1 pbm-000230->1 pbm-000231	prebiotic_chemorigins	pbr-000309	volcanic_rock_chemorigins	pbr-000309	reference_reactions/VOLCANIC_ROCK_ENV/volcanic_rock_chemorigins_supplement_v1.txt	48	6-amino-9h-purine-8-thiol + pbm-000230 -> pbm-000231
1 6-amino-9h-purine-8-thiol + 1 pbm-000230->1 pbm-000232	prebiotic_chemorigins	pbr-000310	volcanic_rock_chemorigins	pbr-000310	reference_reactions/VOLCANIC_ROCK_ENV/volcanic_rock_chemorigins_supplement_v1.txt	49	6-amino-9h-purine-8-thiol + pbm-000230 -> pbm-000232
1 6-amino-9h-purine-8-thiol + 1 pbm-000227->1 pbm-000232	prebiotic_chemorigins	pbr-000311	volcanic_rock_chemorigins	pbr-000311	reference_reactions/VOLCANIC_ROCK_ENV/volcanic_rock_chemorigins_supplement_v1.txt	50	6-amino-9h-purine-8-thiol + pbm-000227 -> pbm-000232
1 6-amino-9h-purine-8-thiol + 1 pbm-000227->1 pbm-000231	prebiotic_chemorigins	pbr-000312	volcanic_rock_chemorigins	pbr-000312	reference_reactions/VOLCANIC_ROCK_ENV/volcanic_rock_chemorigins_supplement_v1.txt	51	6-amino-9h-purine-8-thiol + pbm-000227 -> pbm-000231
1 h2co + 1 sulfite->1 hydroxymethyl hydrogen sulfite	prebiotic_chemorigins	pbr-000692	volcanic_rock_chemorigins	pbr-000692	reference_reactions/VOLCANIC_ROCK_ENV/volcanic_rock_chemorigins_supplement_v1.txt	52	Sulfite + Formaldehyde -> hydroxymethyl hydrogen sulfite
1 orthophosphate + 1 pbm-000052->1 4-amino-1-[2-hydroxy-6-(hydroxymethyl)-2-oxidotetrahydrofuro[3,4-d][1,3,2]dioxaphosphol-4-yl]pyrimidin-2(1h)-one	prebiotic_chemorigins	pbr-000695	volcanic_rock_chemorigins	pbr-000695	reference_reactions/VOLCANIC_ROCK_ENV/volcanic_rock_chemorigins_supplement_v1.txt	55	Orthophosphate + pbm-000052 -> 4-amino-1-[2-hydroxy-6-(hydroxymethyl)-2-oxidotetrahydrofuro[3,4-d][1,3,2]dioxaphosphol-4-yl]pyrimidin-2(1h)-one
1 5-(hydroxymethyl)-2-iminohexahydrofuro(2,3-d)(1,3)oxazol-6-ol + 1 cyanoacetylene->1 pbm-000559	prebiotic_chemorigins	pbr-000707	volcanic_rock_chemorigins	pbr-000707	reference_reactions/VOLCANIC_ROCK_ENV/volcanic_rock_chemorigins_supplement_v1.txt	56	cyanoacetylene + 5-(hydroxymethyl)-2-iminohexahydrofuro(2,3-d)(1,3)oxazol-6-ol -> pbm-000559
1 orthophosphate + 1 pbm-000227->1 4-amino-1-[2-hydroxy-6-(hydroxymethyl)-2-oxidotetrahydrofuro[3,4-d][1,3,2]dioxaphosphol-4-yl]pyrimidin-2(1h)-one + 1 h2o	prebiotic_chemorigins	pbr-000708	volcanic_rock_chemorigins	pbr-000708	reference_reactions/VOLCANIC_ROCK_ENV/volcanic_rock_chemorigins_supplement_v1.txt	57	Orthophosphate + pbm-000227 -> 4-amino-1-[2-hydroxy-6-(hydroxymethyl)-2-oxidotetrahydrofuro[3,4-d][1,3,2]dioxaphosphol-4-yl]pyrimidin-2(1h)-one + H2O
1 3-amino-4,5-dihydroisoxazole + 1 urea->1 pbm-000565	prebiotic_chemorigins	pbr-000716	volcanic_rock_chemorigins	pbr-000716	reference_reactions/VOLCANIC_ROCK_ENV/volcanic_rock_chemorigins_supplement_v1.txt	58	Urea + 3-amino-4,5-dihydroisoxazole -> pbm-000565
1 pbm-000566->1 1-beta-d-arabinofuranosylcytosine	prebiotic_chemorigins	pbr-000718	volcanic_rock_chemorigins	pbr-000718	reference_reactions/VOLCANIC_ROCK_ENV/volcanic_rock_chemorigins_supplement_v1.txt	59	pbm-000566 -> 1-beta-d-arabinofuranosylcytosine
1 pbm-000566->1 arabinofuranosyluracil	prebiotic_chemorigins	pbr-000719	volcanic_rock_chemorigins	pbr-000719	reference_reactions/VOLCANIC_ROCK_ENV/volcanic_rock_chemorigins_supplement_v1.txt	60	pbm-000566 -> arabinofuranosyluracil
1 cyanoacetylene->1 pbm-000565	prebiotic_chemorigins	pbr-000729	volcanic_rock_chemorigins	pbr-000729	reference_reactions/VOLCANIC_ROCK_ENV/volcanic_rock_chemorigins_supplement_v1.txt	61	cyanoacetylene -> pbm-000565
1 pbm-000565 + 1 pentofuranose->1 arabinofuranosyluracil	prebiotic_chemorigins	pbr-000730	volcanic_rock_chemorigins	pbr-000730	reference_reactions/VOLCANIC_ROCK_ENV/volcanic_rock_chemorigins_supplement_v1.txt	62	pentofuranose + pbm-000565 -> arabinofuranosyluracil
1 pbm-000565 + 1 pentofuranose->1 1-beta-d-arabinofuranosylcytosine	prebiotic_chemorigins	pbr-000731	volcanic_rock_chemorigins	pbr-000731	reference_reactions/VOLCANIC_ROCK_ENV/volcanic_rock_chemorigins_supplement_v1.txt	63	pentofuranose + pbm-000565 -> 1-beta-d-arabinofuranosylcytosine
1 n-(4,6-diaminopyrimidin-5-yl)formamide + 1 pentofuranose->1 2-(6-aminopurin-9-yl)-5-(hydroxymethyl)oxolane-3,4-diol	prebiotic_chemorigins	pbr-000732	volcanic_rock_chemorigins	pbr-000732	reference_reactions/VOLCANIC_ROCK_ENV/volcanic_rock_chemorigins_supplement_v1.txt	64	pentofuranose + n-(4,6-diaminopyrimidin-5-yl)formamide -> 2-(6-aminopurin-9-yl)-5-(hydroxymethyl)oxolane-3,4-diol
1 orthophosphate + 1 pbm-000227->1 4-amino-1-[2-hydroxy-6-(hydroxymethyl)-2-oxidotetrahydrofuro[3,4-d][1,3,2]dioxaphosphol-4-yl]pyrimidin-2(1h)-one	prebiotic_chemorigins	pbr-000733	volcanic_rock_chemorigins	pbr-000733	reference_reactions/VOLCANIC_ROCK_ENV/volcanic_rock_chemorigins_supplement_v1.txt	65	Orthophosphate + pbm-000227 -> 4-amino-1-[2-hydroxy-6-(hydroxymethyl)-2-oxidotetrahydrofuro[3,4-d][1,3,2]dioxaphosphol-4-yl]pyrimidin-2(1h)-one
1 4-amino-1-[3,4-dihydroxy-5-(hydroxymethyl)oxolan-2-yl]pyrimidine-2-thione + 1 h2o->1 1-beta-d-arabinofuranosylcytosine	prebiotic_chemorigins	pbr-000735	volcanic_rock_chemorigins	pbr-000735	reference_reactions/VOLCANIC_ROCK_ENV/volcanic_rock_chemorigins_supplement_v1.txt	66	H2O + 4-amino-1-[3,4-dihydroxy-5-(hydroxymethyl)oxolan-2-yl]pyrimidine-2-thione -> 1-beta-d-arabinofuranosylcytosine
1 4-amino-1-[3,4-dihydroxy-5-(hydroxymethyl)oxolan-2-yl]pyrimidine-2-thione->1 4-amino-1-[3,4-dihydroxy-5-(hydroxymethyl)oxolan-2-yl]pyrimidine-2-thione	prebiotic_chemorigins	pbr-000736	volcanic_rock_chemorigins	pbr-000736	reference_reactions/VOLCANIC_ROCK_ENV/volcanic_rock_chemorigins_supplement_v1.txt	67	4-amino-1-[3,4-dihydroxy-5-(hydroxymethyl)oxolan-2-yl]pyrimidine-2-thione -> 4-amino-1-[3,4-dihydroxy-5-(hydroxymethyl)oxolan-2-yl]pyrimidine-2-thione
1 pbm-000227->1 1-beta-d-arabinofuranosylcytosine + 1 h2o	prebiotic_chemorigins	pbr-000737	volcanic_rock_chemorigins	pbr-000737	reference_reactions/VOLCANIC_ROCK_ENV/volcanic_rock_chemorigins_supplement_v1.txt	68	pbm-000227 -> 1-beta-d-arabinofuranosylcytosine + H2O
1 5-(hydroxymethyl)-2-iminohexahydrofuro(2,3-d)(1,3)oxazol-6-ol + 1 cyanoacetylene->1 h2o + 1 pbm-000227	prebiotic_chemorigins	pbr-000738	volcanic_rock_chemorigins	pbr-000738	reference_reactions/VOLCANIC_ROCK_ENV/volcanic_rock_chemorigins_supplement_v1.txt	69	5-(hydroxymethyl)-2-iminohexahydrofuro(2,3-d)(1,3)oxazol-6-ol + cyanoacetylene -> H2O + pbm-000227
1 cyanamide + 1 glycolaldehyde->1 pbm-000586	prebiotic_chemorigins	pbr-000744	volcanic_rock_chemorigins	pbr-000744	reference_reactions/VOLCANIC_ROCK_ENV/volcanic_rock_chemorigins_supplement_v1.txt	73	cyanamide + Glycolaldehyde -> pbm-000586
1 nh3 + 1 pbm-000586->1 h-imidazol-2-amine + 1 h2o	prebiotic_chemorigins	pbr-000745	volcanic_rock_chemorigins	pbr-000745	reference_reactions/VOLCANIC_ROCK_ENV/volcanic_rock_chemorigins_supplement_v1.txt	74	Ammonia + pbm-000586 -> H2O + 1h-imidazol-2-amine
1 4,6-pyrimidinediamine, 5-nitroso- + 1 formate + 1 iron->1 ferrous ion + 1 n-(4,6-diaminopyrimidin-5-yl)formamide	prebiotic_chemorigins	pbr-000746	volcanic_rock_chemorigins	pbr-000746	reference_reactions/VOLCANIC_ROCK_ENV/volcanic_rock_chemorigins_supplement_v1.txt	75	Formate + iron + 4,6-pyrimidinediamine, 5-nitroso- -> n-(4,6-diaminopyrimidin-5-yl)formamide + ferrous ion
1 4,6-pyrimidinediamine, 5-nitroso- + 1 formate + 1 nickel->1 n-(4,6-diaminopyrimidin-5-yl)formamide + 1 nickel(2+)	prebiotic_chemorigins	pbr-000747	volcanic_rock_chemorigins	pbr-000747	reference_reactions/VOLCANIC_ROCK_ENV/volcanic_rock_chemorigins_supplement_v1.txt	76	Formate + nickel + 4,6-pyrimidinediamine, 5-nitroso- -> n-(4,6-diaminopyrimidin-5-yl)formamide + Nickel(2+)
